t,x,y,target_x,target_y,phi_cmd,theta_cmd
0.0,-0.10257473172533546,0.09985657980453966,0.0,0.0,0.0,0.0
0.01,-0.10254253631492855,0.09986379185497278,0.0,0.0,0.0,0.0
0.02,-0.10248781208008291,0.09986723226895541,0.0,0.0,0.0,0.0
0.03,-0.10240564632964824,0.09986930921013898,0.0,0.0,0.0,0.0
0.04,-0.10230158451347349,0.09987122481226646,0.0,0.0,0.0,0.0
0.05,-0.10220143041730984,0.0998741374461135,0.0,0.0,0.0,0.0
0.06,-0.10214923707801887,0.09987763647327975,0.0,0.0,0.0,0.0
0.07,-0.10216015863037055,0.09988084955833589,0.0,0.0,0.0,0.0
0.08,-0.10221718492216757,0.09988358127170423,0.0,0.0,0.0,0.0
0.09,-0.10229672853805255,0.09988622601752238,0.0,0.0,0.0,0.0
0.1,-0.10238022903331204,0.09988904236232818,0.0,0.0,0.0,0.0
0.11,-0.1024569772238911,0.09989209034205418,0.0,0.0,0.0,0.0
0.12,-0.1025227834580891,0.09989548539032782,0.0,0.0,0.0,0.0
0.13,-0.10257820843880663,0.09989929984146925,0.0,0.0,0.0,0.0
0.14,-0.10262716262050883,0.09990353251950149,0.0,0.0,0.0,0.0
0.15,-0.1026755141495832,0.09990817149238683,0.0,0.0,0.0,0.0
0.16,-0.10272919596731196,0.09991324061682855,0.0,0.0,0.0,0.0
0.17,-0.1027921359124687,0.09991885533144465,0.0,0.0,0.0,0.0
0.18,-0.10286557220259823,0.09992501858643242,0.0,0.0,0.0,0.0
0.19,-0.10294814826462012,0.09993188301768292,0.0,0.0,0.0,0.0
0.2,-0.10303732573931239,0.09993960260856627,0.0,0.0,0.0,0.0
0.21,-0.10313062699660376,0.09994827433654567,0.0,0.0,0.0,0.0
0.22,-0.10322629989580462,0.09995795172767286,0.0,0.0,0.0,0.0
0.23,-0.10332355312010713,0.09996864813862472,0.0,0.0,0.0,0.0
0.24,-0.10342244274031052,0.09998035668087449,0.0,0.0,0.0,0.0
0.25,-0.1035235746232932,0.09999307288563125,0.0,0.0,0.0,0.0
0.26,-0.10362778717847589,0.10000678587229381,0.0,0.0,0.0,0.0
0.27,-0.10373575917728396,0.1000215322996563,0.0,0.0,0.0,0.0
0.28,-0.10384794596063295,0.1000373497426364,0.0,0.0,0.0,0.0
0.29,-0.10396448395638713,0.1000542673842565,0.0,0.0,0.0,0.0
0.3,-0.10408524565105796,0.10007232431104544,0.0,0.0,0.0,0.0
0.31,-0.10420994312386825,0.10009156067834765,0.0,0.0,0.0,0.0
0.32,-0.10433826661788295,0.10011201032704163,0.0,0.0,0.0,0.0
0.33,-0.10446998069726625,0.10013369801641496,0.0,0.0,0.0,0.0
0.34,-0.10460496474823244,0.10015664043895753,0.0,0.0,0.0,0.0
0.35000000000000003,-0.10474320749467615,0.10018084891356678,0.0,0.0,0.0,0.0
0.36,-0.10488477271225545,0.10020633223741773,0.0,0.0,0.0,0.0
0.37,-0.10502975497727841,0.10023309879826706,0.0,0.0,0.0,0.0
0.38,-0.10517824098241668,0.10026115759510325,0.0,0.0,0.0,0.0
0.39,-0.10533028565163985,0.10029051823980753,0.0,0.0,0.0,0.0
0.4,-0.10548590527727986,0.10032119027917484,0.0,0.0,0.0,0.0
0.41000000000000003,-0.1056450843020391,0.10035318226877876,0.0,0.0,0.0,0.0
0.42,-0.10580778945661629,0.10038650097047022,0.0,0.0,0.0,0.0
0.43,-0.10597398482941504,0.1004211508935819,0.0,0.0,0.0,0.0
0.44,-0.1061436432439588,0.10045713422915159,0.0,0.0,0.0,0.0
0.45,-0.10631675186991016,0.10049445109454093,0.0,0.0,0.0,0.0
0.46,-0.10649331229775981,0.10053309994009245,0.0,0.0,0.0,0.0
0.47000000000000003,-0.10667333679539462,0.10057307796797366,0.0,0.0,0.0,0.0
0.48,-0.10685684299356091,0.10061438145589721,0.0,0.0,0.0,0.0
0.49,-0.1070438489804137,0.10065700593887779,0.0,0.0,0.0,0.0
0.5,-0.10723437004715754,0.10070094625776083,0.0,0.0,0.0014000000000000002,0.0014000000000000002
0.51,-0.10744270747025646,0.10075387637142466,0.0,0.0,0.00799103333952,0.00799103333952
0.52,-0.10765898946746287,0.10081246577806804,0.0,0.0,0.013948805447514284,0.013948805447514284
0.53,-0.10788165030843339,0.10089299847807823,0.0,0.0,0.019334159558525292,0.019334159558525292
0.54,-0.10814572719391406,0.1009828386693232,0.0,0.0,0.02420209313760052,0.02420209313760052
0.55,-0.1084000291421042,0.10107691361776874,0.0,0.0,0.028602319537167673,0.028602319537167673
0.56,-0.10866469081120056,0.10117125972532719,0.0,0.0,0.032579775690364805,0.032579775690364805
0.5700000000000001,-0.108920028762694,0.10126116476445707,0.0,0.0,0.036175081025599826,0.036175081025599826
0.58,-0.10918320506186464,0.10134824156782735,0.0,0.0,0.03942495228896476,0.03942495228896476
0.59,-0.1094497757920458,0.10142941624583406,0.0,0.0,0.042362578510843005,0.042362578510843005
0.6,-0.10972550081812547,0.10150995942379164,0.0,0.0,0.04501795994602377,0.04501795994602377
0.61,-0.11000323843363143,0.10158719554935038,0.0,0.0,0.04741821444872029,0.04741821444872029
0.62,-0.11028052077655504,0.10166250601973999,0.0,0.0,0.04958785441132052,0.04958785441132052
0.63,-0.11055072559766357,0.1017308027655873,0.0,0.0,0.05154903709508324,0.05154903709508324
0.64,-0.11081061793275586,0.10179277291642826,0.0,0.0,0.05332179090926039,0.05332179090926039
0.65,-0.11105853996159641,0.10184424299085462,0.0,0.0,0.054924219949501654,0.054924219949501654
0.66,-0.11129167887464374,0.10188612026370897,0.0,0.0,0.05637268888437199,0.05637268888437199
0.67,-0.11151113528375574,0.10191503431887401,0.0,0.0,0.057681990078120034,0.057681990078120034
0.68,-0.11171509127845462,0.10193161595217656,0.0,0.0,0.058865494656423954,0.058865494656423954
0.6900000000000001,-0.11190473542862556,0.10193290598439815,0.0,0.0,0.05993528905786089,0.05993528905786089
0.7000000000000001,-0.11207826320459613,0.10191919985862925,0.0,0.0,0.06090229846561994,0.06090229846561994
0.71,-0.1122363200918231,0.10188791022074573,0.0,0.0,0.061776398379994595,0.061776398379994595
0.72,-0.11237698383749004,0.10183920600614174,0.0,0.0,0.06256651547107894,0.06256651547107894
0.73,-0.11250042482877816,0.10177093269017945,0.0,0.0,0.0632807187416172,0.0632807187416172
0.74,-0.11260484712515266,0.10168327667734414,0.0,0.0,0.06392630193099931,0.06392630193099931
0.75,-0.11269006495050884,0.10157468003481093,0.0,0.0,0.06450985800194627,0.06450985800194627
0.76,-0.11275455167324934,0.10144398236963668,0.0,0.0,0.06503734647057413,0.06503734647057413
0.77,-0.11279872521018211,0.10129084816605206,0.0,0.0,0.06551415426743902,0.06551415426743902
0.78,-0.1128215602649434,0.10111713193241599,0.0,0.0,0.06594515075110162,0.06594515075110162
0.79,-0.11282288523792766,0.10092059640763004,0.0,0.0,0.06633473743603188,0.06633473743603188
0.8,-0.11280164884376659,0.10070014736560462,0.0,0.0,0.06668689294269674,0.06668689294269674
0.81,-0.11275813335567544,0.10045552351451288,0.0,0.0,0.06700521362887872,0.06700521362887872
0.8200000000000001,-0.11269164909108254,0.10018800606275838,0.0,0.0,0.06729295031717028,0.06729295031717028
0.8300000000000001,-0.11260205839265526,0.09989607201545342,0.0,0.0,0.06755304149371938,0.06755304149371938
0.84,-0.11248862554457638,0.09957897022288356,0.0,0.0,0.06778814331726628,0.06778814331726628
0.85,-0.11235136813869448,0.0992366546016948,0.0,0.0,0.06800065674493593,0.06800065674493593
0.86,-0.11218976851393839,0.09886882825812524,0.0,0.0,0.06819275205180578,0.06819275205180578
0.87,-0.11200387493593268,0.09847546420937826,0.0,0.0,0.0683663909946531,0.0683663909946531
0.88,-0.11179326990388426,0.09805630091668356,0.0,0.0,0.06852334684622717,0.06852334684622717
0.89,-0.11155722794066125,0.0976107757077603,0.0,0.0,0.06866522250464444,0.06866522250464444
0.9,-0.1112961674180649,0.09714080807277894,0.0,0.0,0.06872658599589636,0.06879346686284749
0.91,-0.11101166041663513,0.0966449647445428,0.0,0.0,0.06862764787568923,0.0689093896052995
0.92,-0.1107024111587616,0.09612233625405801,0.0,0.0,0.0683809379321042,0.06901417458302397
0.93,-0.11036622778292421,0.09557235033917016,0.0,0.0,0.06799673981042742,0.06910889190358134
0.9400000000000001,-0.11000457058295436,0.09499519140809543,0.0,0.0,0.06748386641750774,0.06919450885945032
0.9500000000000001,-0.10961596923818259,0.09439099496002233,0.0,0.0,0.06685094907837852,0.069271899806419
0.96,-0.10920096149003301,0.09375931229809498,0.0,0.0,0.06610596222722474,0.06934185509286804
0.97,-0.10875872411795352,0.09310096400259821,0.0,0.0,0.06525658297114242,0.06940508913113541
0.98,-0.1082895385698221,0.09241199194932963,0.0,0.0,0.06430903670849467,0.06946224769339095
0.99,-0.10779410465693483,0.09169512630038186,0.0,0.0,0.06326748432893416,0.0695139145065289
1.0,-0.1072739492978395,0.09094956039841152,0.0,0.0,0.06213685601816496,0.06956061721342868
1.01,-0.1067268343457944,0.090177278183105,0.0,0.0,0.06092301182310864,0.06960283276146223
1.02,-0.10615187994746463,0.08937555895623382,0.0,0.0,0.059631522415000165,0.0696409922732781
1.03,-0.10555128697938014,0.08854728973337288,0.0,0.0,0.05826745012142528,0.06967548544960417
1.04,-0.10492392253550087,0.08768908560915757,0.0,0.0,0.05683503266389222,0.06970666454903302
1.05,-0.1042708226552143,0.08680551478646448,0.0,0.0,0.05533868555818873,0.06967312724048708
1.06,-0.10359094220103879,0.08589235271504178,0.0,0.0,0.05378269623407963,0.06947062477694017
1.07,-0.10288495283883055,0.08495460784083063,0.0,0.0,0.05217136330285662,0.06911256549367936
1.08,-0.10215136080864379,0.08398807390893157,0.0,0.0,0.05050877878568939,0.06860972846689943
1.09,-0.10139179601629746,0.08299781180674087,0.0,0.0,0.048799212701828854,0.0679749175254945
1.1,-0.10060414010316555,0.08197966793940109,0.0,0.0,0.047046401569283434,0.06721600367685387
1.11,-0.09979110859820216,0.08093880645648983,0.0,0.0,0.045254534665286235,0.06634432771343944
1.12,-0.09894989929367018,0.07987086639612348,0.0,0.0,0.0434268583337473,0.06536599463616426
1.1300000000000001,-0.09808390695999453,0.0787813027271964,0.0,0.0,0.041567292803505164,0.06429153534653195
1.1400000000000001,-0.09718964691094464,0.07766558214650311,0.0,0.0,0.03967859398698833,0.06312549137110116
1.1500000000000001,-0.09627116589290638,0.0765294507237859,0.0,0.0,0.037764479918168725,0.06187757448405307
1.16,-0.0953244746692093,0.07536822981673966,0.0,0.0,0.03582733574084859,0.060550877169082265
1.17,-0.09435424789672435,0.07418794457642829,0.0,0.0,0.03387078019162999,0.05915447445355721
1.18,-0.09335612715129743,0.07298378543380822,0.0,0.0,0.03189694231636961,0.05769033195281988
1.19,-0.09233543097337128,0.07176201651299102,0.0,0.0,0.029909405709285547,0.05616719502942938
1.2,-0.09128727060086952,0.07051769483459513,0.0,0.0,0.02791008581217305,0.05458625044809885
1.21,-0.09021787259776409,0.06925728908255004,0.0,0.0,0.025902519027684666,0.052956049327100733
1.22,-0.08912133930222159,0.0679757376171122,0.0,0.0,0.023888404303047263,0.0512772409351899
1.23,-0.08800502379841567,0.06667968647874235,0.0,0.0,0.021871206775735046,0.04955803831527125
1.24,-0.0868621839671465,0.06536397306456548,0.0,0.0,0.01985240845793939,0.04779861619278412
1.25,-0.08570106947657337,0.06403538522123699,0.0,0.0,0.01783538294065444,0.04600694842046091
1.26,-0.08451424133670916,0.06268868094727083,0.0,0.0,0.015821398580351816,0.04418280756556563
1.27,-0.08331065208197608,0.061330752315368296,0.0,0.0,0.013813720401131147,0.04233394223756396
1.28,-0.08208232705932061,0.059956307541369984,0.0,0.0,0.011813409573055161,0.040459736490568325
1.29,-0.08083874412880723,0.05857231000439203,0.0,0.0,0.009823614996136484,0.03856770254755459
1.3,-0.079571563627563,0.057173441974473445,0.0,0.0,0.007845207481022026,0.03665685367476117
1.31,-0.07829061903629812,0.05576670540204584,0.0,0.0,0.005881216046705572,0.034734475559336044
1.32,-0.0769873617728193,0.0543467832627576,0.0,0.0,0.003932339684516632,0.03279924677942227
1.33,-0.07567182112914929,0.05292068065285829,0.0,0.0,0.002001486405924589,0.030858243559347548
1.34,-0.07433538342336957,0.051483107186162246,0.0,0.0,8.920015381184558e-05,0.028909848233608017
1.35,-0.07298812315753496,0.05004103665163105,0.0,0.0,-0.0018017356887629267,0.026960941439109265
1.36,-0.07162149581518401,0.048589229916417974,0.0,0.0,-0.0036709183891643,0.025009642778780598
1.37,-0.07024547977203127,0.04713459754671801,0.0,0.0,-0.005515694264853942,0.023062644953989967
1.3800000000000001,-0.06885172622023106,0.045671979122011576,0.0,0.0,-0.007335788508728745,0.021117833232752105
1.3900000000000001,-0.06745009654578665,0.04420841571991849,0.0,0.0,-0.009128622791864154,0.01918173876264814
1.4000000000000001,-0.06603332064689339,0.042739873078060486,0.0,0.0,-0.010893510516275863,0.017252367963873944
1.41,-0.06461222314777094,0.041273543224583036,0.0,0.0,-0.012626458063924586,0.015337429483757747
1.42,-0.0631792506074269,0.03980415947473304,0.0,0.0,-0.014325940256657907,0.013436893471894173
1.43,-0.06174289341891104,0.038337489122562504,0.0,0.0,-0.01598878961249411,0.011558676525495084
1.44,-0.060293764315641554,0.03686725542184402,0.0,0.0,-0.01761603350979056,0.009700636232988932
1.45,-0.05883873181668334,0.03539925993967564,0.0,0.0,-0.019207722949469753,0.007865686625237229
1.46,-0.05736997077880009,0.033928093334707046,0.0,0.0,-0.020766996022969084,0.006047340320350831
1.47,-0.055894501388560475,0.03246021477084835,0.0,0.0,-0.022294573380541412,0.004245733434798088
1.48,-0.05440732472217277,0.030991295559843906,0.0,0.0,-0.023792508020704026,0.002454527092504839
1.49,-0.05291546455615094,0.029527848463762805,0.0,0.0,-0.02525966889698457,0.0006764458486732904
1.5,-0.05141548966389293,0.028065994993082082,0.0,0.0,-0.026695969027577603,-0.00109142747364754
1.51,-0.049913929069823684,0.02661195432334756,0.0,0.0,-0.028098615868181194,-0.0028425307340951343
1.52,-0.04840768360416608,0.02516214763689399,0.0,0.0,-0.029466247775774765,-0.004577159526609148
1.53,-0.04690325504742645,0.023722560493239692,0.0,0.0,-0.03079534004336013,-0.006286728461905379
1.54,-0.04539721348182492,0.02228948819312149,0.0,0.0,-0.03208413523395062,-0.007970491598402818
1.55,-0.04389543049452008,0.02086788948798378,0.0,0.0,-0.03332960747115058,-0.009619871860807178
1.56,-0.042393218299424454,0.019453728623987403,0.0,0.0,-0.034531336548678744,-0.011235277148186855
1.57,-0.04089583250406481,0.01805169694687467,0.0,0.0,-0.03568811086917115,-0.01281087318619076
1.58,-0.0393984513608265,0.0166581569864095,0.0,0.0,-0.0368008529002668,-0.014349641250192063
1.59,-0.03790639972561975,0.015277691720042206,0.0,0.0,-0.037869239877267286,-0.01584839811231352
1.6,-0.03641543983793336,0.013907073552222904,0.0,0.0,-0.03889440433539736,-0.017311217175960188
1.61,-0.03493090696789296,0.01255064857650209,0.0,0.0,-0.03987602060407766,-0.018735602174801955
1.62,-0.03344904753442754,0.01120549000901086,0.0,0.0,-0.04081493074085746,-0.020125114045076997
1.6300000000000001,-0.031974959817055414,0.00987561814427673,0.0,0.0,-0.04171064086751776,-0.021476940746459845
1.6400000000000001,-0.030505160475412844,0.00855834271586452,0.0,0.0,-0.0425637643130186,-0.022793812082197107
1.6500000000000001,-0.029044406175600664,0.007257347245831005,0.0,0.0,-0.04337379600058262,-0.024072723401250325
1.6600000000000001,-0.027589407166710756,0.005970178090803097,0.0,0.0,-0.04414128004532761,-0.02531592105866193
1.67,-0.026144596858342216,0.00470019065298675,0.0,0.0,-0.04486582541184601,-0.02652057921372691
1.68,-0.024706894395886247,0.0034451830576189574,0.0,0.0,-0.04554798144701307,-0.027688743558337163
1.69,-0.02328121178897155,0.0022093634403487494,0.0,0.0,-0.04618735482911522,-0.02881785007351616
1.7,-0.021865109799042385,0.0009911215947003137,0.0,0.0,-0.04678259430253489,-0.029908522609557762
1.71,-0.02045986376800777,-0.0002108724476642457,0.0,0.0,-0.04733347835690585,-0.0309583217061878
1.72,-0.019062672553269485,-0.0013979478095245083,0.0,0.0,-0.047844111763609476,-0.03197120026505469
1.73,-0.017679688624791474,-0.002563615332335274,0.0,0.0,-0.04831588203046855,-0.03294663678873786
1.74,-0.016308787502128535,-0.0037096356136500828,0.0,0.0,-0.04874679320785361,-0.03388475531045646
1.75,-0.014950832193227511,-0.004837255757708506,0.0,0.0,-0.04913574030119517,-0.034783171241518876
1.76,-0.013603582887273457,-0.005947558916050451,0.0,0.0,-0.04948527853455184,-0.035644745642557575
1.77,-0.0122721079635197,-0.007035889604136459,0.0,0.0,-0.04979647337215617,-0.036469038603149775
1.78,-0.010954672178610264,-0.008103435735117948,0.0,0.0,-0.05006810732758692,-0.037255982998175
1.79,-0.009652950413804947,-0.009150005103212098,0.0,0.0,-0.05029953466799668,-0.038003744706249
1.8,-0.00836567150188459,-0.010175930558992312,0.0,0.0,-0.05049103631646968,-0.03871298121317314
1.81,-0.007092947443826976,-0.011181860023380773,0.0,0.0,-0.0506435406621857,-0.03938336483724132
1.82,-0.005833064816817179,-0.012168468149789327,0.0,0.0,-0.050759977533197116,-0.04001874554928196
1.83,-0.0045909238041702966,-0.013132211746916377,0.0,0.0,-0.050841746649248724,-0.04061996422545271
1.84,-0.0033650424878083245,-0.014073693667198007,0.0,0.0,-0.050888060953491375,-0.04118671618717637
1.85,-0.0021565225409467996,-0.014992998578163665,0.0,0.0,-0.05089838084051693,-0.041717758939237924
1.86,-0.0009645735621697379,-0.015890161162669017,0.0,0.0,-0.05087283632737068,-0.04221337269759775
1.87,0.00020960771722217824,-0.01676506215616071,0.0,0.0,-0.05081198057280721,-0.042673356097320335
1.8800000000000001,0.001366691096444186,-0.01761758018076788,0.0,0.0,-0.0507165769081037,-0.04309845452908827
1.8900000000000001,0.002505578299790744,-0.018447589249482012,0.0,0.0,-0.05058743870378322,-0.043488936388210706
1.9000000000000001,0.003626932986884466,-0.01925494919453155,0.0,0.0,-0.05042531857439613,-0.04384559096761393
1.9100000000000001,0.0047298699735503534,-0.020039612721641946,0.0,0.0,-0.05023101687542254,-0.04416901543188801
1.92,0.005814783643696722,-0.02080129310206138,0.0,0.0,-0.05000515936536733,-0.04446000218754428
1.93,0.006880999530230069,-0.021540185509373897,0.0,0.0,-0.04974841935322528,-0.04471924186626105
1.94,0.0079289491966376,-0.022255880301692055,0.0,0.0,-0.04946144031751666,-0.04494741462657322
1.95,0.008958272442034303,-0.02294865609898131,0.0,0.0,-0.049144793570859255,-0.04514549152548021
1.96,0.009968888188579135,-0.02361831950422312,0.0,0.0,-0.048799209504433824,-0.04531422580947565
1.97,0.01096262213345147,-0.02426182054549443,0.0,0.0,-0.04842496368808653,-0.04545479375924901
1.98,0.011938194413923221,-0.02488005493913762,0.0,0.0,-0.048018357905918095,-0.045570269484882533
1.99,0.012892785907455991,-0.025478731625878936,0.0,0.0,-0.04758067553642886,-0.04566070675469034
2.0,0.01382763719885725,-0.026055004778534858,0.0,0.0,-0.047116443005597856,-0.045724373548462545
2.0100000000000002,0.01474391399623075,-0.026607462930644213,0.0,0.0,-0.04662803055501168,-0.04576113067519207
2.02,0.015640348524863516,-0.027132700783520508,0.0,0.0,-0.04611373837336923,-0.04577160080309599
2.0300000000000002,0.016518761410222547,-0.02763718939077763,0.0,0.0,-0.04557229447845344,-0.04575665786846445
2.04,0.017378030050845948,-0.028119185324507395,0.0,0.0,-0.04500626278348364,-0.045717932333317134
2.05,0.01822032610651449,-0.0285782777358115,0.0,0.0,-0.04441739945916369,-0.04565719102729496
2.06,0.019043214033714638,-0.029009179022426057,0.0,0.0,-0.04380530448125573,-0.045576662321850404
2.07,0.019848262124733448,-0.02941832921200825,0.0,0.0,-0.04316648594570284,-0.04547671269849008
2.08,0.020634936891856154,-0.029806768380528252,0.0,0.0,-0.04250366077267936,-0.04535869771958454
2.09,0.021404702502511457,-0.030172569071480165,0.0,0.0,-0.04182008115890199,-0.04522341098628265
2.1,0.022157121231930043,-0.030513439810441866,0.0,0.0,-0.04111718948820744,-0.0450732285516649
2.11,0.02289068052765385,-0.030828427323297037,0.0,0.0,-0.04039154360399253,-0.04490832397656109
2.12,0.023607785094063794,-0.03112415773364418,0.0,0.0,-0.03964330272537044,-0.04472924020182203
2.13,0.02430584523417565,-0.03139568880871748,0.0,0.0,-0.03887491606494703,-0.04453628648551655
2.14,0.02498908632235986,-0.03164785233294978,0.0,0.0,-0.03808807826281539,-0.04433007163748936
2.15,0.02565323476668873,-0.03187514204155843,0.0,0.0,-0.037284811331207146,-0.044112082344337
2.16,0.02630335057700213,-0.032083025368422176,0.0,0.0,-0.0364650320388072,-0.043882896019028596
2.17,0.02693591464297229,-0.03226765259614115,0.0,0.0,-0.03563068900384051,-0.04364480857629845
2.18,0.027554284899593526,-0.03243220139966542,0.0,0.0,-0.03478128342061355,-0.043398141385699585
2.19,0.028156774678574026,-0.032575432141382456,0.0,0.0,-0.033918918166979374,-0.043145377290860085
2.2,0.02874465223122667,-0.03269785374443104,0.0,0.0,-0.033043395493826136,-0.04288667012550965
2.21,0.029318454218004726,-0.03280105442247194,0.0,0.0,-0.03215660951760445,-0.04262416301416888
2.22,0.02987699249379307,-0.03288276062912925,0.0,0.0,-0.03125900657610442,-0.042358095565418585
2.23,0.03042340958873036,-0.03294725828765718,0.0,0.0,-0.030351906084858236,-0.04208991347419822
2.24,0.03095377325925909,-0.03298988973702678,0.0,0.0,-0.02943653538853929,-0.041820272097338004
2.25,0.03147393047760562,-0.03301681635578983,0.0,0.0,-0.028513473044018866,-0.04154972953354629
2.2600000000000002,0.0319773989063149,-0.03302239448644142,0.0,0.0,-0.027584676927722845,-0.04127955316362158
2.27,0.03247133284251934,-0.033012544262056714,0.0,0.0,-0.02665009264563445,-0.041009400916982464
2.2800000000000002,0.03295025877016061,-0.03298356965971092,0.0,0.0,-0.025712104943527117,-0.04074113674041926
2.29,0.03341894598192489,-0.0329386362670242,0.0,0.0,-0.024770426579796306,-0.04047372556245982
2.3000000000000003,0.03387448281920201,-0.03287694319796237,0.0,0.0,-0.023827428132822903,-0.040209187425720376
2.31,0.03431877961737983,-0.032798688471618154,0.0,0.0,-0.02288304642416637,-0.03994625789836196
2.32,0.034751982500300226,-0.03270601759389478,0.0,0.0,-0.021939153643697126,-0.039686617502983704
2.33,0.0351726493755848,-0.03259626219201744,0.0,0.0,-0.020996211092567954,-0.03942927016448543
2.34,0.03558451306430183,-0.032474159744592834,0.0,0.0,-0.020055273439225297,-0.0391751553480275
2.35,0.0359823310183877,-0.0323348358260133,0.0,0.0,-0.01911745028032778,-0.03892402143330555
2.36,0.03637360405666662,-0.0321845466945295,0.0,0.0,-0.018182924151579957,-0.03867578907582219
2.37,0.036749547776348604,-0.032017847245916664,0.0,0.0,-0.01725337918271452,-0.038431209734849925
2.38,0.03711949522341812,-0.03184033673834776,0.0,0.0,-0.016328352239413108,-0.038189126031712706
2.39,0.0374759506736498,-0.03164869951482558,0.0,0.0,-0.01540979848280737,-0.037951198647033564
2.4,0.03782522507099612,-0.03144564345875958,0.0,0.0,-0.014497031348780562,-0.03771551479866227
2.41,0.03816311658538755,-0.03123074360411635,0.0,0.0,-0.013591831015171175,-0.03748411775892825
2.42,0.03849232839383155,-0.031003842636980247,0.0,0.0,-0.01269375029459687,-0.03725499097744037
2.43,0.03881251885874284,-0.030767278286015727,0.0,0.0,-0.011804036915800876,-0.037029916573294755
2.44,0.039122262627885734,-0.030518288639806462,0.0,0.0,-0.010922790446416971,-0.03680738928510264
2.45,0.039425553506540895,-0.030261484525945754,0.0,0.0,-0.010050523550547186,-0.03658839887299457
2.46,0.03971644873964846,-0.029992288137369136,0.0,0.0,-0.00918799127278129,-0.03637242890255793
2.47,0.040003321895331456,-0.029716434417945563,0.0,0.0,-0.008334992131732728,-0.036159320748693935
2.48,0.04027624860289087,-0.029429114620514247,0.0,0.0,-0.007492827321771538,-0.03594976000420537
2.49,0.04054562398081338,-0.02913520486229182,0.0,0.0,-0.006660797162995439,-0.03574242496134614
2.5,0.040803001286996,-0.02883197059707107,0.0,0.0,-0.005840433803499945,-0.03553903941370233
2.5100000000000002,0.04105538147044932,-0.028521615724366452,0.0,0.0,-0.005030935585140046,-0.03533749272247246
2.52,0.041297965904469734,-0.028204006505829115,0.0,0.0,-0.004233665691574006,-0.03513992096292863
2.5300000000000002,0.04153396590767496,-0.02787869042411282,0.0,0.0,-0.003448063202279782,-0.0349441832867796
2.54,0.041762984518481226,-0.027547794892253848,0.0,0.0,-0.0026748424221889624,-0.03475235809472422
2.5500000000000003,0.0419840639468677,-0.02720867755394453,0.0,0.0,-0.0019136925257259027,-0.034563361912964906
2.56,0.042201130405395575,-0.026865558954284666,0.0,0.0,-0.001164583469618585,-0.03437893968791906
2.57,0.0424083259061617,-0.026514428154396526,0.0,0.0,-0.0004279121572702219,-0.03419920837539923
2.58,0.042613327787100024,-0.026160548084846386,0.0,0.0,0.00029662239662895843,-0.03402429616718589
2.59,0.04280628914474573,-0.02579987721473776,0.0,0.0,0.0010076998272176396,-0.03385454765025056
2.6,0.042996396618304004,-0.02543676335308611,0.0,0.0,0.0017056576161794755,-0.0336878384606176
2.61,0.04317565115785067,-0.025068973690873957,0.0,0.0,0.0023887685706369204,-0.03352442709383241
2.62,0.04335002318912467,-0.024698335366322627,0.0,0.0,0.0030574193866719276,-0.0333610462699257
2.63,0.04351586740040755,-0.02432577484725233,0.0,0.0,0.003710082226536033,-0.03319839440114261
2.64,0.04367592301213139,-0.023950912494571406,0.0,0.0,0.004345817327356368,-0.03303447120605953
2.65,0.043828961506700834,-0.023573697217550073,0.0,0.0,0.0049637166263088745,-0.03287081030249006
2.66,0.04397354235533288,-0.023191054306381874,0.0,0.0,0.005565929001615871,-0.032705373402295526
2.67,0.044113048594657554,-0.022808899359305954,0.0,0.0,0.006154042063754894,-0.0325382206208465
2.68,0.044243612411286874,-0.022425178859469853,0.0,0.0,0.006726770441118497,-0.03236891994001968
2.69,0.044371873906315036,-0.02204176459487177,0.0,0.0,0.007283118224139391,-0.03219817549511709
2.7,0.044488939571334526,-0.021653859088937927,0.0,0.0,0.007823097429017946,-0.03202705308747939
2.71,0.044603707827033524,-0.021266188203553114,0.0,0.0,0.00834933913762731,-0.03185460267534374
2.72,0.04470995852427038,-0.0208786844027694,0.0,0.0,0.00886114979928116,-0.031682516228588684
2.73,0.044813420063511245,-0.02049185297458721,0.0,0.0,0.009357725786233761,-0.03151012400871497
2.74,0.04490970998584208,-0.0201042434870827,0.0,0.0,0.00983811304863433,-0.031339978833483016
2.75,0.045001366444746095,-0.01971531932119546,0.0,0.0,0.010304270299043627,-0.03117053957249419
2.7600000000000002,0.045088182442216566,-0.019328265789803692,0.0,0.0,0.010756798355714851,-0.03100341552318743
2.77,0.045169912746877185,-0.018942108090868343,0.0,0.0,0.011194935912133172,-0.030838154973201984
2.7800000000000002,0.04524909194076279,-0.01855789347264828,0.0,0.0,0.011617801038460013,-0.030676572471811846
2.79,0.045320985000288104,-0.018172167059767732,0.0,0.0,0.012025864768647568,-0.03051866903837971
2.8000000000000003,0.045391845994902244,-0.01778916176717933,0.0,0.0,0.012420744787628075,-0.030364408239902104
2.81,0.04545532978310712,-0.017407915650752354,0.0,0.0,0.012801757653848361,-0.030214535603439202
2.82,0.04551807995801816,-0.017029775904261524,0.0,0.0,0.013168176655678978,-0.030068635394940424
2.83,0.045573757239169205,-0.016652590623855386,0.0,0.0,0.013519226521199622,-0.029927770172834153
2.84,0.0456269937703413,-0.016277527950057113,0.0,0.0,0.01385638776718506,-0.029789801548478635
2.85,0.04567506379840536,-0.0159058407310713,0.0,0.0,0.014179566696096168,-0.029655390714268495
2.86,0.045720051322143636,-0.015537455693014068,0.0,0.0,0.014488209755013004,-0.029523157926073573
2.87,0.045761507260319724,-0.01517278787114329,0.0,0.0,0.014781494347123359,-0.029394243437548196
2.88,0.045798896879020785,-0.014811306702235478,0.0,0.0,0.015059215141347367,-0.029268003064193946
2.89,0.045833700574168725,-0.01445382593889371,0.0,0.0,0.015321359404073646,-0.02914506013451509
2.9,0.04586214454018631,-0.014097312459103669,0.0,0.0,0.015569006758789083,-0.029024368889079586
2.91,0.04588886137512857,-0.013745317922142803,0.0,0.0,0.015804175873756366,-0.0289048076633664
2.92,0.04590972444935131,-0.013397414875848368,0.0,0.0,0.01602662048391078,-0.028786328622145765
2.93,0.04592955103994639,-0.013054339479685076,0.0,0.0,0.016235748448462213,-0.02866863546150237
2.94,0.04594478645196608,-0.012715581012894963,0.0,0.0,0.016430817414390703,-0.02855304531496498
2.95,0.04595834775609126,-0.012381557950418938,0.0,0.0,0.016611771425962818,-0.028439266488545792
2.96,0.04596992239182347,-0.01205257852385667,0.0,0.0,0.01677840841773804,-0.028328865290559026
2.97,0.04597843967500047,-0.011728622939715506,0.0,0.0,0.01693056990979247,-0.028222722135765828
2.98,0.045980687628607415,-0.011408950711794383,0.0,0.0,0.017068426346241724,-0.028119950470085475
2.99,0.0459775803436484,-0.011091664309958525,0.0,0.0,0.017194097801543934,-0.028015475737914228
3.0,0.0459743954909058,-0.010780056572146632,0.0,0.0,0.017309523771301967,-0.02790869858744188
3.0100000000000002,0.04596965752998884,-0.0104742061139356,0.0,0.0,0.017414199892351167,-0.027802766255764274
3.02,0.045962437914440754,-0.010174030942464867,0.0,0.0,0.017507135875441567,-0.027699753497583666
3.0300000000000002,0.045948198908960035,-0.009878711675594032,0.0,0.0,0.017587904949527413,-0.02759835060292278
3.04,0.045934115555323896,-0.009589073339638656,0.0,0.0,0.017656804353491803,-0.027496709911596327
3.0500000000000003,0.045918844489097874,-0.009305303008857709,0.0,0.0,0.017713735020252044,-0.02739696941697985
3.06,0.04590124716321636,-0.009027372829560794,0.0,0.0,0.01775853699788206,-0.027300712393884177
3.0700000000000003,0.04587849541145264,-0.008755012273808694,0.0,0.0,0.01779127314886839,-0.027207443588081845
3.08,0.045853264468665104,-0.008488271727994327,0.0,0.0,0.017812501041514304,-0.027114083958607045
3.09,0.04582708416291429,-0.008227482165480566,0.0,0.0,0.0178226168631576,-0.02702094460921962
3.1,0.04579900394552272,-0.00797256768191638,0.0,0.0,0.017821853926164026,-0.02692953451620721
3.11,0.0457685505358498,-0.007723535531678999,0.0,0.0,0.017810503096322688,-0.02684044058420348
3.12,0.04573556200767539,-0.007480410467016046,0.0,0.0,0.01778889750863751,-0.02675339807953398
3.13,0.04570007954358899,-0.007243203912918161,0.0,0.0,0.01775738261708913,-0.02666780161512201
3.14,0.04565905211836769,-0.007011879198787185,0.0,0.0,0.017716321045669527,-0.026581811003681618
3.15,0.04561776727526336,-0.006786449539802214,0.0,0.0,0.017666116728611767,-0.026493927332585016
3.16,0.0455754761331199,-0.006566978245585778,0.0,0.0,0.017607130757855517,-0.026405942817586348
3.17,0.045531400034813145,-0.006353520961913758,0.0,0.0,0.0175396390019429,-0.02631949265955035
3.18,0.04548512960469413,-0.006146096865013079,0.0,0.0,0.017463851133997354,-0.026235035160732098
3.19,0.045436555018486126,-0.005944697310468543,0.0,0.0,0.017379963057950865,-0.02615221125672572
3.2,0.04538535882650412,-0.005749362052447523,0.0,0.0,0.017288186228154284,-0.026070362440089676
3.21,0.04533139697264059,-0.005560210388703086,0.0,0.0,0.01718863925530209,-0.025988338815988676
3.22,0.04527563435443704,-0.005377061112537592,0.0,0.0,0.017081449880595723,-0.02590556392411935
3.23,0.04521810001209547,-0.005199904797505294,0.0,0.0,0.016966887601731876,-0.025822328383599272
3.24,0.04515872601430245,-0.005028759745637481,0.0,0.0,0.01684524407732843,-0.02573906765984197
3.25,0.04509708041758598,-0.004863827762203305,0.0,0.0,0.016716713134337875,-0.025655932691158366
3.2600000000000002,0.045033332631116425,-0.004705001872253896,0.0,0.0,0.016581327850815515,-0.025572666095134807
3.27,0.044967617230918716,-0.004552186301072908,0.0,0.0,0.016439228176468472,-0.025489098537262424
3.2800000000000002,0.044899993492027,-0.004405374542310799,0.0,0.0,0.016290647533327603,-0.025405212654681562
3.29,0.04483018478451105,-0.00426453364136072,0.0,0.0,0.016135836284718614,-0.02532100617825259
3.3000000000000003,0.04475833414551912,-0.004130025235006264,0.0,0.0,0.01597491237110576,-0.025236170574436067
3.31,0.044684703591757906,-0.004001588561103815,0.0,0.0,0.01580778128336715,-0.025150685381668293
3.3200000000000003,0.044609266481893346,-0.0038791146730577848,0.0,0.0,0.01563455960418696,-0.025064723235317003
3.33,0.04453239454682889,-0.0037625411996218263,0.0,0.0,0.015455499050821966,-0.024978463033804618
3.34,0.044454635583201625,-0.0036536379271036993,0.0,0.0,0.015270396608006324,-0.024892782291831717
3.35,0.04437461121351673,-0.003551238462106209,0.0,0.0,0.015077910277566093,-0.024808014362373315
3.36,0.04429267195160145,-0.003454444957072246,0.0,0.0,0.014878043169478203,-0.024723610192366977
3.37,0.044208912526910005,-0.0033632245494136363,0.0,0.0,0.014671791926917664,-0.024639099564521177
3.38,0.04412390488894046,-0.003277528849954797,0.0,0.0,0.014460284119482934,-0.024554409455984985
3.39,0.04403585101022632,-0.00319797206891575,0.0,0.0,0.014244170872543776,-0.024469296830436662
3.4,0.04394598303017017,-0.0031239937832274346,0.0,0.0,0.01402364412158794,-0.024382624687877778
3.41,0.04385384072419266,-0.003055743856224431,0.0,0.0,0.013799047734622078,-0.024294185680454213
3.42,0.04376073191449978,-0.002993446637102869,0.0,0.0,0.013570599735858929,-0.02420375665498141
3.43,0.043667131835049965,-0.0029387231773123786,0.0,0.0,0.013337365160472462,-0.02411297708473034
3.44,0.043571849812513955,-0.0028890705153540013,0.0,0.0,0.013098396554571451,-0.024022778071079474
3.45,0.04347551604808925,-0.002844697676049929,0.0,0.0,0.01285446029019787,-0.023933565675360514
3.46,0.043376602813558915,-0.0028051819880056074,0.0,0.0,0.012606692414193724,-0.023844968331277392
3.47,0.043276726426697575,-0.002771139402771078,0.0,0.0,0.012356091281749885,-0.02375626867663515
3.48,0.043174178828090236,-0.002741805730369483,0.0,0.0,0.01210318671368217,-0.02366700954175137
3.49,0.043071518868399584,-0.0027190302146891305,0.0,0.0,0.011848341021594173,-0.023576761687622065
3.5,0.0429671278422699,-0.002701796267981704,0.0,0.0,0.01159017293764171,-0.023486575216446034
3.5100000000000002,0.04286179196433244,-0.0026890060948273854,0.0,0.0,0.011328914895957597,-0.023396475563246904
3.52,0.04275447002341047,-0.0026807657987245187,0.0,0.0,0.011065407623669967,-0.023306728669859653
3.5300000000000002,0.042645491352262636,-0.0026768100727348624,0.0,0.0,0.010800792483310166,-0.02321651412334034
3.54,0.04253480783336902,-0.002677624314099449,0.0,0.0,0.010535661307248296,-0.02312560133498314
3.5500000000000003,0.042422369046846965,-0.0026824881882275666,0.0,0.0,0.010270501555787858,-0.02303334128369494
3.56,0.04230994414000232,-0.002694217787917571,0.0,0.0,0.010004785949644985,-0.02294032630180452
3.5700000000000003,0.042195627240691064,-0.002709422080271961,0.0,0.0,0.009737237597871241,-0.022847336283619367
3.58,0.04208077055489934,-0.002728835558205207,0.0,0.0,0.009468618982273094,-0.02275455815001971
3.59,0.041963452319709355,-0.00275159608478236,0.0,0.0,0.009199814234032653,-0.022661873871920517
3.6,0.041845099294026564,-0.0027783967212339057,0.0,0.0,0.008931915831305672,-0.02256847122921561
3.61,0.04172446159062588,-0.002808712512808745,0.0,0.0,0.008665225267109307,-0.022474090805593983
3.62,0.04160336678166614,-0.0028436240966670493,0.0,0.0,0.008400148171245066,-0.022378144434292056
3.63,0.041481305483396846,-0.002883541194985702,0.0,0.0,0.008135170129540719,-0.022281772894803577
3.64,0.04135822986880843,-0.0029260972935404566,0.0,0.0,0.00786995257407321,-0.02218533426598197
3.65,0.041233789390211426,-0.0029719724850074086,0.0,0.0,0.007605393728915053,-0.02208919913884766
3.66,0.04110743495662632,-0.003020449391100564,0.0,0.0,0.0073425060106255425,-0.02199274802272789
3.67,0.040979890116378835,-0.003072396081354939,0.0,0.0,0.007082014522683547,-0.02189550235559431
3.68,0.04085012252246026,-0.0031267410269428873,0.0,0.0,0.006824202092399615,-0.02179689003158951
3.69,0.040720855371205,-0.0031863360503629557,0.0,0.0,0.0065688467280817665,-0.021696979675321682
3.7,0.04059014904024183,-0.0032482737583069505,0.0,0.0,0.006314346784640861,-0.021596871550670218
3.71,0.04045920337319176,-0.0033123477230678727,0.0,0.0,0.0060614002599255114,-0.021497062105072587
3.72,0.040326766484378586,-0.0033783680924064927,0.0,0.0,0.005811041911231529,-0.021398091653114352
3.73,0.04019351927145196,-0.0034464918450502766,0.0,0.0,0.005564414414329842,-0.021299556418990565
3.74,0.040058761392907594,-0.00351683524629828,0.0,0.0,0.005321873705489906,-0.021201367620059103
3.75,0.039923147321685414,-0.003589557867828084,0.0,0.0,0.0050836632073018645,-0.021102835258753373
3.7600000000000002,0.03978711766247056,-0.0036662401924734715,0.0,0.0,0.004848484243870785,-0.021004412221468902
3.77,0.0396501425396913,-0.0037436697775040805,0.0,0.0,0.004615518719914137,-0.020906375424907198
3.7800000000000002,0.03951243667961641,-0.0038228465263431743,0.0,0.0,0.004385716516178471,-0.020808915540983155
3.79,0.039372765142344786,-0.003903129126733939,0.0,0.0,0.004159857305754564,-0.020711573650603398
3.8000000000000003,0.03923185426655535,-0.003985388541466786,0.0,0.0,0.003938494471417993,-0.020613409615084885
3.81,0.039088501893600164,-0.0040688540974603525,0.0,0.0,0.0037215088901475205,-0.02051343892244966
3.8200000000000003,0.03894364437605881,-0.004153877551241232,0.0,0.0,0.0035090375203284518,-0.020410539119072674
3.83,0.03879667920109645,-0.00424006269261651,0.0,0.0,0.0033008568776589377,-0.020304275501518917
3.84,0.038648892346751056,-0.004328732280035105,0.0,0.0,0.003096894255403626,-0.020194376914212234
3.85,0.03850022548197338,-0.004419760176079529,0.0,0.0,0.0028951656563260676,-0.020081922353072466
3.86,0.03835077540507523,-0.004510454567974219,0.0,0.0,0.0026956014549685955,-0.019967838943066505
3.87,0.038200088317661335,-0.004601827625585089,0.0,0.0,0.002499601929259905,-0.019852900419819176
3.88,0.038047582701214555,-0.004693603537227363,0.0,0.0,0.002308163064946309,-0.0197369678213191
3.89,0.03789313364591341,-0.004786602826443941,0.0,0.0,0.002121598368139606,-0.01961937638376964
3.9,0.03773629481299659,-0.004879957748264242,0.0,0.0,0.0019396897204002948,-0.01949910071335561
3.91,0.037577417827834414,-0.004973582723219529,0.0,0.0,0.0017626100886384065,-0.019375159266953743
3.92,0.037416778118023145,-0.005067464457790823,0.0,0.0,0.0015905825867357833,-0.019247167678882723
3.93,0.03725531366878915,-0.005164246945973969,0.0,0.0,0.0014230578904326943,-0.019115544397254564
3.94,0.03709230173601671,-0.0052615638974819285,0.0,0.0,0.0012574655379522293,-0.018981265072930974
3.95,0.03692794634977449,-0.005357647018802867,0.0,0.0,0.0010943235181781613,-0.018844832321831782
3.96,0.03676222591457068,-0.005453242220854967,0.0,0.0,0.0009354935797573282,-0.018706645026988288
3.97,0.036594836916075534,-0.005549111806442659,0.0,0.0,0.0007819801501096244,-0.01856688180496134
3.98,0.036425249069251715,-0.0056458200989811785,0.0,0.0,0.0006332600610513124,-0.018425186466579053
3.99,0.03625351776004254,-0.0057421167733582665,0.0,0.0,0.0004887389428975144,-0.018280796874146424
4.0,0.03607988241414891,-0.005838143878974878,0.0,0.0,0.00034855468327777014,-0.01813316970545718
4.01,0.03590451497276714,-0.005933971603702231,0.0,0.0,0.00021282648332601536,-0.017982189412226124
4.0200000000000005,0.035726877483456834,-0.006030319517957301,0.0,0.0,8.128004569555194e-05,-0.017827839067667328
4.03,0.035547669101118076,-0.006126157099527588,0.0,0.0,-4.6665943248939305e-05,-0.017670068734598463
4.04,0.035367619253228316,-0.00622329190621337,0.0,0.0,-0.00017129241319535936,-0.017509527159861926
4.05,0.035186657318841914,-0.006320064134409394,0.0,0.0,-0.00029403628417202897,-0.017347408351777283
4.0600000000000005,0.03500445833022919,-0.0064157326197618,0.0,0.0,-0.0004143402065221388,-0.017184728900733436
4.07,0.03482075099246546,-0.006510864137932392,0.0,0.0,-0.0005313111642059762,-0.017021715877925756
4.08,0.03463563053927629,-0.0066053986173680215,0.0,0.0,-0.0006444276063437362,-0.016858263763778802
4.09,0.034449088591815724,-0.006699628743698969,0.0,0.0,-0.0007535924199917419,-0.01669422173709967
4.1,0.034261022428674036,-0.006793628003185864,0.0,0.0,-0.0008591312260201946,-0.016529426623111777
4.11,0.034071008462935315,-0.00688768598628666,0.0,0.0,-0.0009616267912923235,-0.016363455847713593
4.12,0.033879425727690926,-0.006981353151639602,0.0,0.0,-0.001061680565693324,-0.016195787968486672
4.13,0.03368664326369329,-0.007074535111804491,0.0,0.0,-0.0011594673453101964,-0.01602636965837513
4.14,0.033492897633214606,-0.007167244289183626,0.0,0.0,-0.0012549760857065988,-0.01585563480974738
4.15,0.03329767450076443,-0.007259564172556157,0.0,0.0,-0.001348203275247825,-0.0156840774386861
4.16,0.03310140168723398,-0.007351680381839887,0.0,0.0,-0.0014393665993299685,-0.015511761955196754
4.17,0.03290445275006673,-0.007443372602005009,0.0,0.0,-0.001528722954364348,-0.015339111795780527
4.18,0.032706988256116856,-0.007534677895062698,0.0,0.0,-0.0016163879596728162,-0.01516683813961667
4.19,0.03250892339766004,-0.007626439720912412,0.0,0.0,-0.001702574122917842,-0.014995655055895738
4.2,0.032309874739701906,-0.007719687648722757,0.0,0.0,-0.0017890174089699293,-0.014825750629212958
4.21,0.0321106206858812,-0.007811478400059303,0.0,0.0,-0.001876519355061137,-0.014657249010815906
4.22,0.031911169993869615,-0.007902192559643629,0.0,0.0,-0.001963794094244835,-0.014490639629852201
4.23,0.03171144349796959,-0.007992252572214155,0.0,0.0,-0.0020496625763721803,-0.014326353449695468
4.24,0.031510274088310405,-0.008081979731847082,0.0,0.0,-0.0021336583239291024,-0.014164164790156709
4.25,0.03130859909568645,-0.008171383876941203,0.0,0.0,-0.002215936523850881,-0.014003278606929402
4.26,0.031106543547542043,-0.008260282568840463,0.0,0.0,-0.00229669220054882,-0.013843455939609716
4.2700000000000005,0.03090422167114154,-0.008348652771569003,0.0,0.0,-0.002375992653656239,-0.013684814298271923
4.28,0.030701113868085946,-0.008436517805315968,0.0,0.0,-0.0024538572280432486,-0.013527489803596323
4.29,0.030497466300171465,-0.008523963623669324,0.0,0.0,-0.002530389237131828,-0.013371043142082087
4.3,0.030293833555813037,-0.008610733797828774,0.0,0.0,-0.002605642849907226,-0.013215510913107726
4.3100000000000005,0.030090402300499884,-0.008696822808936711,0.0,0.0,-0.002679498134019489,-0.013061429135329613
4.32,0.029887054199368813,-0.008782262891026451,0.0,0.0,-0.0027518417596542276,-0.012909443804856872
4.33,0.029683186023975325,-0.008867250619010723,0.0,0.0,-0.0028226963368182087,-0.012759586707976348
4.34,0.029479653678042565,-0.008951583175540278,0.0,0.0,-0.002892210935461659,-0.012611715420983131
4.3500000000000005,0.029276594460015,-0.009035206270760921,0.0,0.0,-0.0029603859063619385,-0.012466184763164915
4.36,0.02907405488055496,-0.00911814354293946,0.0,0.0,-0.0030271692400448695,-0.012323490292186226
4.37,0.028871276911537926,-0.009200507590926811,0.0,0.0,-0.003092564855987867,-0.012183813724912474
4.38,0.028668801423823307,-0.009282244241978531,0.0,0.0,-0.0031567156416513835,-0.012046688410896907
4.39,0.028466925832926645,-0.009363189270652262,0.0,0.0,-0.0032196418045339274,-0.011912103396575743
4.4,0.028265734285533875,-0.009443348413231916,0.0,0.0,-0.003281243953211902,-0.011780347741050981
4.41,0.028065180075671683,-0.009523609680191397,0.0,0.0,-0.003341533012359594,-0.011651736472826515
4.42,0.027864894419947994,-0.009604960533604922,0.0,0.0,-0.0034021628635766167,-0.011526214444165891
4.43,0.027665524811728025,-0.009684519267127404,0.0,0.0,-0.0034638290639332435,-0.011403676142494028
4.44,0.027467096060948736,-0.009762691613781753,0.0,0.0,-0.003525233986760532,-0.01128435200756531
4.45,0.027269605200050947,-0.00983976804991215,0.0,0.0,-0.003585177218161716,-0.011168500225973934
4.46,0.027072349692634612,-0.009916006574964125,0.0,0.0,-0.00364306654188363,-0.011056011674379114
4.47,0.026875837640804746,-0.009991228641911473,0.0,0.0,-0.0036987778378697513,-0.010946383464594166
4.48,0.02668018342521642,-0.010065321196576596,0.0,0.0,-0.0037521853162099713,-0.010839399002934114
4.49,0.026485471662455164,-0.010138229476015233,0.0,0.0,-0.00380312958515228,-0.010735067953456095
4.5,0.02629145285069398,-0.010209981392108098,0.0,0.0,-0.003851463820840773,-0.010633431828594025
4.51,0.026098166628815575,-0.01028050792851357,0.0,0.0,-0.003897154332579431,-0.010534220259572902
4.5200000000000005,0.02590589653232179,-0.010349617536216028,0.0,0.0,-0.003940074621006308,-0.010437312813161603
4.53,0.0257148054028436,-0.010417284073825238,0.0,0.0,-0.003980011592370411,-0.01034286387831448
4.54,0.025524956122989207,-0.010483490219721432,0.0,0.0,-0.0040167888368951655,-0.010251160239317976
4.55,0.025336412166311433,-0.010548193003488237,0.0,0.0,-0.00405029235518896,-0.010162485021251926
4.5600000000000005,0.02514919571964178,-0.010611355922040728,0.0,0.0,-0.004080447776064354,-0.010077063528718705
4.57,0.024962474057726662,-0.010673136068000815,0.0,0.0,-0.004107275498203301,-0.009994726162670855
4.58,0.024776939548253697,-0.010733288306484078,0.0,0.0,-0.004130881227429816,-0.009914899834535716
4.59,0.024592775625747368,-0.01079179527670147,0.0,0.0,-0.004151229121867537,-0.009837472990768486
4.6000000000000005,0.024410059493483596,-0.010848667341052227,0.0,0.0,-0.004168283413091551,-0.009762641416978952
4.61,0.024228809130455293,-0.010903878508190806,0.0,0.0,-0.004182049817169665,-0.00969066632351485
4.62,0.024049006375047314,-0.01095739558000025,0.0,0.0,-0.004192550766064726,-0.009621734067894083
4.63,0.02387027842504964,-0.011009187324889834,0.0,0.0,-0.004199803268166622,-0.00955586961484899
4.64,0.023692413972651327,-0.011059243020406657,0.0,0.0,-0.004203842736694299,-0.009492436061371994
4.65,0.023516142384779424,-0.011107502244105274,0.0,0.0,-0.0042046896899180924,-0.009431071400125716
4.66,0.023341490864830575,-0.011153944924547101,0.0,0.0,-0.004202346097874114,-0.009371985583401136
4.67,0.023168452541739954,-0.011198548553124157,0.0,0.0,-0.0041968172302398,-0.009315492546580423
4.68,0.0229970197066303,-0.011241279834947205,0.0,0.0,-0.004188112788389237,-0.00926182196630832
4.69,0.022827181938808856,-0.011282106138583166,0.0,0.0,-0.0041762356423406975,-0.009211087269929441
4.7,0.022658929017987762,-0.011320997939105681,0.0,0.0,-0.0041611842166632265,-0.009163297063254538
4.71,0.022492259209341028,-0.011357924742471789,0.0,0.0,-0.00414295332820456,-0.009118389049673816
4.72,0.022327182438597184,-0.011392853116178273,0.0,0.0,-0.004121535094855548,-0.009076264346664531
4.73,0.022163691782299638,-0.011425766788887315,0.0,0.0,-0.004096921044168921,-0.009036812728658701
4.74,0.022001102198214956,-0.011456626965593445,0.0,0.0,-0.004069111107314161,-0.008999829050228433
4.75,0.02183927695107433,-0.011485393479785088,0.0,0.0,-0.004038084986841999,-0.008964129061747421
4.76,0.021679504755640257,-0.011512134181895837,0.0,0.0,-0.004003852415597306,-0.008929327562313677
4.7700000000000005,0.0215217063815583,-0.01153684922436958,0.0,0.0,-0.003966501225119319,-0.008896054755692318
4.78,0.021365815683869537,-0.011559521282230634,0.0,0.0,-0.003926140400868523,-0.008864993645043907
4.79,0.02121177444198299,-0.011580126588470968,0.0,0.0,-0.003882861038175602,-0.008836597373399964
4.8,0.02105952775603141,-0.011598642306760823,0.0,0.0,-0.003836726770604596,-0.00881106327095742
4.8100000000000005,0.02090902995436135,-0.01161504537843029,0.0,0.0,-0.0037877729429873996,-0.008788393532994314
4.82,0.020760252548104048,-0.011629308629056458,0.0,0.0,-0.0037360140667095825,-0.008768464676672113
4.83,0.020613173705475742,-0.01164140955421955,0.0,0.0,-0.003681446868683567,-0.0087510946961868
4.84,0.020467773470275386,-0.01165133345100125,0.0,0.0,-0.0036240620910630503,-0.008736081552162395
4.8500000000000005,0.02032332210046274,-0.011659016550134573,0.0,0.0,-0.003563845043806885,-0.00872314093392383
4.86,0.020179828412713017,-0.011664283984767434,0.0,0.0,-0.0035006731335819204,-0.008711026668390414
4.87,0.020038640241858637,-0.01166732327381544,0.0,0.0,-0.0034344029031661673,-0.008699482898116201
4.88,0.01989961465424375,-0.011668173189427061,0.0,0.0,-0.003365079251038326,-0.008689302673929516
4.89,0.01976265151551378,-0.01166681941143974,0.0,0.0,-0.0032928311143336285,-0.008681253817239254
4.9,0.019627668828770213,-0.011663245898236658,0.0,0.0,-0.0032177806135112834,-0.00867580695348548
4.91,0.01949458795814261,-0.011657446461310778,0.0,0.0,-0.0031400242125750088,-0.008673133419353942
4.92,0.019363344181000487,-0.01164941438058677,0.0,0.0,-0.0030596338990311234,-0.008673185474693848
4.93,0.01923388143194968,-0.011639145216437942,0.0,0.0,-0.0029766670557533357,-0.00867577601271556
4.94,0.01910542026427072,-0.011626631128882039,0.0,0.0,-0.0028911764141513257,-0.008680500989009876
4.95,0.018978600781624135,-0.011611546451203457,0.0,0.0,-0.002803078856947049,-0.00868634262235401
4.96,0.018853944046553606,-0.011594124594675221,0.0,0.0,-0.0027121455103254677,-0.00869328052090937
4.97,0.018731339777027317,-0.011574450124738544,0.0,0.0,-0.002618367018612727,-0.00870180274750422
4.98,0.01861071146380003,-0.011552538391224849,0.0,0.0,-0.0025218733894933356,-0.00871231715258232
4.99,0.018491971554851765,-0.011528404906329679,0.0,0.0,-0.002422833602371906,-0.008725015161278531
5.0,0.018375046515262512,-0.01150205975096411,0.0,0.0,-0.0023214088439759643,-0.008739888799883227
5.01,0.018259141333566934,-0.011473417698895113,0.0,0.0,-0.0022177446544811995,-0.008756478586998484
5.0200000000000005,0.018145473096698353,-0.011442274167604788,0.0,0.0,-0.002111720367937897,-0.008774333172174643
5.03,0.018033843243308315,-0.011408895567999127,0.0,0.0,-0.0020032205162174247,-0.008793723318119366
5.04,0.01792413304905454,-0.011373329869133841,0.0,0.0,-0.0018923367333975177,-0.008814931752255926
5.05,0.017815798461697,-0.01133559219273174,0.0,0.0,-0.0017792508681231198,-0.008837957574276155
5.0600000000000005,0.017709328233966953,-0.01129546504536334,0.0,0.0,-0.0016640462373200423,-0.008862318719194679
5.07,0.01760450286257428,-0.011252287049331344,0.0,0.0,-0.001546603991913346,-0.00888804262952878
5.08,0.017501219548816872,-0.011205075212625282,0.0,0.0,-0.0014253483159521153,-0.00891484489089797
5.09,0.017399384860339092,-0.011156485442313173,0.0,0.0,-0.00129960987832679,-0.008942513116588101
5.1000000000000005,0.017298534691567013,-0.011105888963651563,0.0,0.0,-0.0011705086407422366,-0.008970489741912275
5.11,0.01719978521876861,-0.01105329684484309,0.0,0.0,-0.0010389738034893043,-0.008998568505730196
5.12,0.017102868149867285,-0.010998874388104502,0.0,0.0,-0.0009057674910471715,-0.00902723186320871
5.13,0.01700767230899713,-0.010942735816861575,0.0,0.0,-0.0007715710978211275,-0.00905686288116007
5.14,0.01691320460434631,-0.010884857565278022,0.0,0.0,-0.00063697706981552,-0.00908736500996847
5.15,0.016820782158328256,-0.010825141119640443,0.0,0.0,-0.0005022516715750597,-0.009118129009925776
5.16,0.01673059266597751,-0.010764012649231918,0.0,0.0,-0.0003676435664196573,-0.009149723893887829
5.17,0.016642409567419757,-0.010701585654378537,0.0,0.0,-0.00023361722593874746,-0.009182906689150417
5.18,0.016555602951289314,-0.010637928151099112,0.0,0.0,-0.00010065711435743838,-0.009218045055611496
5.19,0.016470099880285246,-0.010572669585305512,0.0,0.0,3.098167114625994e-05,-0.009254484796424399
5.2,0.016386736587849168,-0.01050584338833163,0.0,0.0,0.00016137570205484428,-0.009292134685997317
5.21,0.016305070276386672,-0.010435459729836371,0.0,0.0,0.0002916996652848811,-0.009331184873674644
5.22,0.016225150113287713,-0.010364787445577093,0.0,0.0,0.0004230174723285721,-0.009371702416766851
5.23,0.016145825343793142,-0.010293423093703262,0.0,0.0,0.0005542121229166183,-0.009413292397582004
5.24,0.016068644479205096,-0.010221041155203045,0.0,0.0,0.0006843034095454314,-0.00945537236645785
5.25,0.015993410376615693,-0.010147912071121742,0.0,0.0,0.0008126468518002195,-0.00949833396409159
5.26,0.015919951054131954,-0.010074118283424437,0.0,0.0,0.0009387053083363472,-0.009542600053276262
5.2700000000000005,0.015847574668638658,-0.009999674945598868,0.0,0.0,0.0010620719350411696,-0.009588239215726876
5.28,0.015776827528020062,-0.009924309380584495,0.0,0.0,0.0011826613145965701,-0.009634625834477465
5.29,0.015708221899112407,-0.009848433109882324,0.0,0.0,0.0013005668808983139,-0.009681950977651127
5.3,0.0156415088338695,-0.009772172619310194,0.0,0.0,0.0014156548033207584,-0.009730755303734224
5.3100000000000005,0.015576384783554036,-0.009695603476942469,0.0,0.0,0.0015277113435323234,-0.009781316419299123
5.32,0.01551232941674765,-0.009618425407420222,0.0,0.0,0.0016366314657544011,-0.009833218706779003
5.33,0.015450378208791426,-0.009540799476939902,0.0,0.0,0.0017426439403361981,-0.009886162086359299
5.34,0.015389574399647834,-0.009460539053180598,0.0,0.0,0.0018466691516003805,-0.009940158780289437
5.3500000000000005,0.015330435137288625,-0.009380572518820605,0.0,0.0,0.0019501888871074427,-0.009995040419139005
5.36,0.015272286988385444,-0.009301035866729151,0.0,0.0,0.0020524021461602914,-0.010050588736861609
5.37,0.015215785826395526,-0.009221381050867861,0.0,0.0,0.002152269109779594,-0.010106356811929918
5.38,0.015160972136740714,-0.009141753061740147,0.0,0.0,0.0022492460830497996,-0.010162533712671127
5.39,0.01510767924035535,-0.009062166832343043,0.0,0.0,0.0023430214353167616,-0.010219381386356526
5.4,0.015055654559542622,-0.008982642865194328,0.0,0.0,0.0024334595925682287,-0.010276972458440888
5.41,0.015004959856494752,-0.00890291029416332,0.0,0.0,0.0025206456802593443,-0.01033501988144653
5.42,0.014956055341897203,-0.008823253866259623,0.0,0.0,0.0026048606617592174,-0.010393588304599955
5.43,0.014908712443266832,-0.008743802808795265,0.0,0.0,0.0026861844198635115,-0.010452999638671929
5.44,0.014862818018725393,-0.008664586242228304,0.0,0.0,0.0027645750687455483,-0.010513389253906226
5.45,0.014818293395714973,-0.008585621604182619,0.0,0.0,0.0028399941928633926,-0.010574708329068481
5.46,0.014775075384809143,-0.008506915833785373,0.0,0.0,0.002912450123305838,-0.010636795396048298
5.47,0.014732849184497637,-0.008428324629441535,0.0,0.0,0.0029820309145247603,-0.010699366514823477
5.48,0.014692147764121434,-0.008349719449477083,0.0,0.0,0.003049104893863103,-0.010762090250820743
5.49,0.014652938168919818,-0.008271398598015683,0.0,0.0,0.0031139830177815495,-0.01082514454739144
5.5,0.014615011614690695,-0.008193394200099315,0.0,0.0,0.00317673318079174,-0.010888690569079951
5.51,0.014578277717198315,-0.008115703922022155,0.0,0.0,0.0032373569962682843,-0.010952685928115245
5.5200000000000005,0.014542677318355197,-0.008038328239446871,0.0,0.0,0.003295875984305235,-0.011016970559117259
5.53,0.014507915014602238,-0.007960972096312578,0.0,0.0,0.003352367088042201,-0.011081327855062845
5.54,0.01447381784880311,-0.007881528017929153,0.0,0.0,0.003408154141273067,-0.011145121018296197
5.55,0.014441014209434454,-0.007803391484124722,0.0,0.0,0.00346453860932653,-0.011208072244644662
5.5600000000000005,0.014409299224094353,-0.0077264317412351026,0.0,0.0,0.003520401387623492,-0.011270398227788978
5.57,0.014378547189638727,-0.007650231016264756,0.0,0.0,0.0035744197707504328,-0.011332230881151888
5.58,0.014348760624956255,-0.00757457263004786,0.0,0.0,0.0036259219569334668,-0.01139358792729157
5.59,0.014319972231143353,-0.007499381842156737,0.0,0.0,0.003674786025955259,-0.011454488524448454
5.6000000000000005,0.01429214311352188,-0.00742456348655439,0.0,0.0,0.003721174593435562,-0.011514990313456031
5.61,0.014265590542442983,-0.00735007093856649,0.0,0.0,0.0037654649253057713,-0.011575205277413807
5.62,0.014240338736074405,-0.007276183919434855,0.0,0.0,0.0038079178294879276,-0.011635551881849955
5.63,0.014216193965320294,-0.0072029321403700025,0.0,0.0,0.0038485436522104712,-0.011696361250067778
5.64,0.014193058396581528,-0.0071303286128207985,0.0,0.0,0.003887282621179431,-0.011757708443479575
5.65,0.01417086281260316,-0.007058385066052967,0.0,0.0,0.003924083031549631,-0.01181949536207251
5.66,0.014149547475613982,-0.006987095848829312,0.0,0.0,0.00395893065398239,-0.011881541283738148
5.67,0.014129053324734573,-0.006916459306195392,0.0,0.0,0.003991855575923643,-0.011943631004449083
5.68,0.014109357668259551,-0.006846458045865645,0.0,0.0,0.004022926487866541,-0.01200555366263837
5.69,0.014090518842881072,-0.006776933528506641,0.0,0.0,0.004052281959834783,-0.012067153865972135
5.7,0.014072863115090777,-0.0067079948895163,0.0,0.0,0.004080195239956955,-0.0121285272433906
5.71,0.014056159692232163,-0.0066397638302858,0.0,0.0,0.004106760409467504,-0.012189974088145258
5.72,0.014040204530879976,-0.006572201761045161,0.0,0.0,0.004131965723904681,-0.012251555641123723
5.73,0.014024917519196657,-0.006505276932987847,0.0,0.0,0.004155826116486467,-0.012313094408694625
5.74,0.014010261304950413,-0.0064389760177371936,0.0,0.0,0.004178404023894346,-0.012374334565718313
5.75,0.013996217372837006,-0.006373298733389311,0.0,0.0,0.004199784637305558,-0.012435043065770144
5.76,0.013982776914488796,-0.006308247046742524,0.0,0.0,0.004220053191464215,-0.012495052512156213
5.7700000000000005,0.01396992239453423,-0.006243830024390615,0.0,0.0,0.004239282614091901,-0.012554262404305034
5.78,0.013958284625366395,-0.006179933690523108,0.0,0.0,0.004257570783987024,-0.01261284058332978
5.79,0.013947330845329722,-0.006116730458404368,0.0,0.0,0.004275023958491311,-0.012671254321331626
5.8,0.013936891760833214,-0.006054225343541217,0.0,0.0,0.004291614786368394,-0.012729557475947896
5.8100000000000005,0.0139269011247793,-0.0059923926430794005,0.0,0.0,0.0043072993334975895,-0.01278753540809954
5.82,0.013917344676828156,-0.00593120633984556,0.0,0.0,0.004322073984869898,-0.01284491440382289
5.83,0.013908215850171813,-0.0058706558548826055,0.0,0.0,0.004335977027415308,-0.012901475865041218
5.84,0.0138995010079235,-0.005810745579773827,0.0,0.0,0.004349062658321178,-0.01295708032875453
5.8500000000000005,0.013891188302054158,-0.005751481221171981,0.0,0.0,0.004361377709037153,-0.013011652087158657
5.86,0.013883416734557964,-0.005692862542484743,0.0,0.0,0.0043729563641816275,-0.0130651732025414
5.87,0.013876718987283316,-0.005634859963031115,0.0,0.0,0.004383844136022808,-0.013118080776310317
5.88,0.013870299217640224,-0.0055775620425082915,0.0,0.0,0.004394064902565789,-0.01317080103064
5.89,0.013864103530084474,-0.005520974974724994,0.0,0.0,0.004403574485567664,-0.01322317814338789
5.9,0.013858106672533796,-0.0054650742787172805,0.0,0.0,0.004412328017514909,-0.013274880519343037
5.91,0.013852314806517475,-0.005409826170700663,0.0,0.0,0.004420323807779533,-0.013325607713199837
5.92,0.013846734165844397,-0.005355212262076106,0.0,0.0,0.0044276094426838756,-0.013375169372729468
5.93,0.013841351776471696,-0.00530123808604381,0.0,0.0,0.004434248993385951,-0.01342347287013643
5.94,0.013836175404386681,-0.005247897140585974,0.0,0.0,0.004440298877964885,-0.013470494838822908
5.95,0.013831180936919143,-0.005195206625480709,0.0,0.0,0.0044457985458703,-0.013516255902685665
5.96,0.0138263663280515,-0.005143164504185446,0.0,0.0,0.004450766531510245,-0.013560795105835348
5.97,0.013821917774002447,-0.005091773909447967,0.0,0.0,0.004455210988479534,-0.013604177135843646
5.98,0.013818484693215333,-0.005041039640427892,0.0,0.0,0.004459138165067124,-0.013647012574262828
5.99,0.013814983101980545,-0.004991042907374984,0.0,0.0,0.004462514372620747,-0.013689804473887308
6.0,0.013811388883394905,-0.004941771991246265,0.0,0.0,0.004465253086074827,-0.013732265036564892
6.01,0.013807723630939342,-0.004893166977176735,0.0,0.0,0.004467306132111222,-0.01377393230116911
6.0200000000000005,0.013804001002113852,-0.004845192463630643,0.0,0.0,0.004468703576651205,-0.013814440168102878
6.03,0.013800246105338726,-0.004797824244708925,0.0,0.0,0.004469527234552448,-0.013853575650595423
6.04,0.013796480646932514,-0.004751053453785319,0.0,0.0,0.0044698753408804245,-0.013891266278495384
6.05,0.013792697202526122,-0.004704897547583006,0.0,0.0,0.0044698283613765705,-0.013927533243367866
6.0600000000000005,0.013788897158718158,-0.004659364870313698,0.0,0.0,0.004469425598923556,-0.01396243663157217
6.07,0.013785070273322866,-0.00461446738935296,0.0,0.0,0.004468675500062894,-0.013996055917045324
6.08,0.013781202179085612,-0.004570214029705945,0.0,0.0,0.0044675626898153615,-0.014028467405049247
6.09,0.013777277914745468,-0.004526608633066188,0.0,0.0,0.004466059296138301,-0.014059733996435952
6.1000000000000005,0.013773277954471811,-0.004483654618897017,0.0,0.0,0.00446413649046502,-0.014089904211819345
6.11,0.013769184118093235,-0.0044413519933918354,0.0,0.0,0.0044617661982239995,-0.014119006828668203
6.12,0.013764990319108808,-0.004399691405347668,0.0,0.0,0.004458932690341978,-0.01414706531626058
6.13,0.013761750058488727,-0.00435868518175774,0.0,0.0,0.004455631120172904,-0.014174405337768783
6.140000000000001,0.01375839934994714,-0.004318421224450883,0.0,0.0,0.004451817754724926,-0.014201918603729442
6.15,0.013754615586850698,-0.004278886723055537,0.0,0.0,0.004447390109431817,-0.014229434349477446
6.16,0.01375043425424259,-0.0042400153770993975,0.0,0.0,0.004442288593815333,-0.01425635968681405
6.17,0.013745915508072413,-0.004201735435315407,0.0,0.0,0.004436552926811976,-0.014282180888402822
6.18,0.013741104314294815,-0.0041640135604583866,0.0,0.0,0.004430306187569391,-0.014306601921786758
6.19,0.01373603775809615,-0.004126841909015285,0.0,0.0,0.004423692770820608,-0.01432952117182149
6.2,0.01373074304358354,-0.004090227748384575,0.0,0.0,0.0044168282563613985,-0.014350968313798767
6.21,0.013725229266071401,-0.0040541900631748985,0.0,0.0,0.004409780122697397,-0.014371048184913006
6.22,0.013719486383202938,-0.004018753944242437,0.0,0.0,0.004402560422845748,-0.014389884511221194
6.23,0.013713499383033281,-0.003983937327298256,0.0,0.0,0.004395134896257137,-0.014407583288233492
6.24,0.013707252731232501,-0.003949748468873057,0.0,0.0,0.004387444063093965,-0.014424220123401537
6.25,0.013700730120473077,-0.0039161889501177355,0.0,0.0,0.0043794278353602506,-0.014439845835941757
6.26,0.013693912302425018,-0.003883258081536542,0.0,0.0,0.004371034690624443,-0.014454485887347285
6.2700000000000005,0.013686778892088908,-0.0038509542788984197,0.0,0.0,0.004362227760146937,-0.014468146855440851
6.28,0.013679323894850291,-0.0038192655558443997,0.0,0.0,0.004352987123269111,-0.01448082540620102
6.29,0.013671536041545423,-0.0037881861962998893,0.0,0.0,0.004343311523957182,-0.014492520621262875
6.3,0.013663406058189689,-0.003757711693039899,0.0,0.0,0.0043332097898176524,-0.014503233671068386
6.3100000000000005,0.013654934662162957,-0.0037278328412674285,0.0,0.0,0.004322697326552651,-0.014512972527178071
6.32,0.01364612445791941,-0.0036985418597316865,0.0,0.0,0.004311795411311337,-0.014521757966352125
6.33,0.013636964252802801,-0.003669843533237967,0.0,0.0,0.00430052419005412,-0.014529618607122428
6.34,0.01362745723753468,-0.0036417329549803725,0.0,0.0,0.004288897245101838,-0.014536584972913021
6.3500000000000005,0.013617596152222107,-0.003614213919573712,0.0,0.0,0.004276921730488808,-0.014542688732042407
6.36,0.01360738589357061,-0.003587281362477466,0.0,0.0,0.004264599599246553,-0.014547962149489767
6.37,0.013596822587749954,-0.0035609371346628253,0.0,0.0,0.0042519312273710105,-0.014552440477484014
6.38,0.013585906307733538,-0.0035351799892070403,0.0,0.0,0.004238913932093386,-0.01455615767295956
6.390000000000001,0.013574630860638011,-0.003510013256338628,0.0,0.0,0.0042255431695538605,-0.014559145852339979
6.4,0.013562994665625187,-0.003485436326091844,0.0,0.0,0.004211809819598363,-0.014561429926041043
6.41,0.013550993094858207,-0.0034614507488501824,0.0,0.0,0.00419770468664203,-0.01456303218239362
6.42,0.013538632188041981,-0.0034380499594135576,0.0,0.0,0.004183220200263415,-0.014563973929948681
6.43,0.013525905021770687,-0.0034152375034302435,0.0,0.0,0.0041683537804355466,-0.014564280073350328
6.44,0.013514355667680469,-0.0033931856094808416,0.0,0.0,0.00415305059632119,-0.014564572689694317
6.45,0.013501870220890196,-0.0033719262620481986,0.0,0.0,0.004137104031842998,-0.014565616710833047
6.46,0.013488544979542761,-0.0033513586265737903,0.0,0.0,0.004120333412443161,-0.01456681795039843
6.47,0.013474484669002657,-0.003331376293244872,0.0,0.0,0.004102721105954674,-0.014567357420480742
6.48,0.013459804875032568,-0.003311882813126477,0.0,0.0,0.004084412870317887,-0.014566667302787087
6.49,0.01344458728048433,-0.003292839769429338,0.0,0.0,0.004065648453414471,-0.014564501931265152
6.5,0.013428909812034436,-0.00327423405806295,0.0,0.0,0.004046669086148126,-0.014560862180526319
6.51,0.0134128051973627,-0.003256093832323816,0.0,0.0,0.004027654249993662,-0.014555896708862398
6.5200000000000005,0.01339629390398171,-0.0032384498329389904,0.0,0.0,0.004008690541825837,-0.01454980812011035
6.53,0.01337937795364155,-0.0032213324219199707,0.0,0.0,0.003989779151522843,-0.014542793391287686
6.54,0.013362037758749518,-0.0032047713682191005,0.0,0.0,0.003970855429786698,-0.01453500197112577
6.55,0.01334425991105377,-0.003188776578776802,0.0,0.0,0.003951824312503963,-0.014526528573964775
6.5600000000000005,0.013326025259631518,-0.003173351154522264,0.0,0.0,0.0039325881855502625,-0.014517416175352325
6.57,0.013307301412448892,-0.003158501569975237,0.0,0.0,0.0039130642901670275,-0.014507664921055732
6.58,0.013288082986745383,-0.003144210942604746,0.0,0.0,0.003893190548753248,-0.014497241132717185
6.59,0.013268360340493147,-0.003130466928320673,0.0,0.0,0.0038729410390625223,-0.014486109306397118
6.6000000000000005,0.013248120274288828,-0.00311726282324841,0.0,0.0,0.003852314927683241,-0.014474234616923804
6.61,0.01322735856258488,-0.003104588539660296,0.0,0.0,0.003831324450866388,-0.014461583844973902
6.62,0.013206083296198353,-0.003092428448959356,0.0,0.0,0.003809993244327275,-0.014448136820789345
6.63,0.013184285312094994,-0.0030807836167955015,0.0,0.0,0.0037883519945170665,-0.014433890715584288
6.640000000000001,0.013161971559487142,-0.0030696450728213984,0.0,0.0,0.003766426578768861,-0.014418850057159642
6.65,0.013139141011423622,-0.00305901164558775,0.0,0.0,0.003744240545662527,-0.014403031515431073
6.66,0.013115788424627588,-0.0030488859813289906,0.0,0.0,0.0037218073724030014,-0.014386452606684707
6.67,0.013091918625399893,-0.0030392629867541194,0.0,0.0,0.00369913024575634,-0.014369128225462607
6.68,0.013067711773244237,-0.003030265143628642,0.0,0.0,0.003676187803681872,-0.014351141327338003
6.69,0.013042756377598837,-0.0030219879562737384,0.0,0.0,0.0036527875280057565,-0.01433256784849655
6.7,0.013017102137368041,-0.003014250061589233,0.0,0.0,0.0036287695659531264,-0.014313186539404407
6.71,0.012990790572389924,-0.0030069919200661037,0.0,0.0,0.0036041579802016835,-0.014292801282176743
6.72,0.012963864100447565,-0.0030001697056723244,0.0,0.0,0.0035790803951673555,-0.014271320387872629
6.73,0.012936357738013977,-0.002993760496667646,0.0,0.0,0.0035537037703456415,-0.014248755219718997
6.74,0.012908311948439718,-0.0029877506231492028,0.0,0.0,0.003528184022683923,-0.014225187710964822
6.75,0.012879766958573291,-0.0029821353421638132,0.0,0.0,0.003502645509371808,-0.014200750897700658
6.76,0.01285073612633565,-0.0029769327959833147,0.0,0.0,0.003477165543122622,-0.014175598785692958
6.7700000000000005,0.012821236277055678,-0.0029721548652928372,0.0,0.0,0.0034517653984214615,-0.014149872373205667
6.78,0.012791275884621195,-0.0029678134887939325,0.0,0.0,0.0034264295630789658,-0.01412369686425245
6.79,0.012760843807616922,-0.002963927526374561,0.0,0.0,0.0034011095110315034,-0.01409715988725802
6.8,0.012729944608918553,-0.0029604964465652158,0.0,0.0,0.003375743083836397,-0.01407031510719362
6.8100000000000005,0.012698570395419639,-0.0029575236520766896,0.0,0.0,0.0033502704832167325,-0.01404318965551101
6.82,0.012666711172782511,-0.00295501017182255,0.0,0.0,0.0033246383949776873,-0.01401578416713129
6.83,0.012634291219561113,-0.002952989664682631,0.0,0.0,0.003298801732401165,-0.01398807328322379
6.84,0.012601116810486075,-0.002951578665848413,0.0,0.0,0.003272638306671466,-0.013959869281636408
6.8500000000000005,0.012567352370795218,-0.002950628019019372,0.0,0.0,0.0032460199909201404,-0.013930933690514674
6.86,0.012533069352010642,-0.002950081394813667,0.0,0.0,0.003218967049992451,-0.013901206290232004
6.87,0.012498277428273358,-0.002949934471900654,0.0,0.0,0.00319157494819061,-0.013870744681133949
6.88,0.012463002678114218,-0.002950167962718492,0.0,0.0,0.0031639467746284572,-0.013839644874407765
6.890000000000001,0.01242725989975346,-0.0029507732091514503,0.0,0.0,0.0031361789135571504,-0.013808017625987833
6.9,0.012391069758788849,-0.002951740824910648,0.0,0.0,0.003108346858720476,-0.013775966841193065
6.91,0.01235443940011108,-0.0029530752170430683,0.0,0.0,0.0030805046315653516,-0.013743588208905583
6.92,0.01231738867311314,-0.002954772490129505,0.0,0.0,0.0030526802814244657,-0.013710961911504723
6.93,0.012279922550602495,-0.0029568397946123618,0.0,0.0,0.003024881330074442,-0.013678155639413176
6.94,0.012242055699297864,-0.002959275081020937,0.0,0.0,0.0029970995574147494,-0.013645224353780043
6.95,0.012203790156568391,-0.002962083331527159,0.0,0.0,0.0029693163835028944,-0.013612209985366181
6.96,0.012165089370353854,-0.0029652866902079382,0.0,0.0,0.0029415024577040287,-0.013579133125727661
6.97,0.012125679006528103,-0.002969024982444172,0.0,0.0,0.002913555508549545,-0.013545862895221437
6.98,0.012085731816295124,-0.0029731627043820762,0.0,0.0,0.002885326219949559,-0.013512125506276078
6.99,0.012045344120885747,-0.00297764857864507,0.0,0.0,0.0028567990305052118,-0.013477826391638116
7.0,0.012004565231819045,-0.0029824643983536983,0.0,0.0,0.002828037553840535,-0.01344302559078605
7.01,0.011963404949577369,-0.0029876123787276193,0.0,0.0,0.0027991235426151726,-0.013407851007827726
7.0200000000000005,0.01192188617070221,-0.002993079865243833,0.0,0.0,0.002770124609156156,-0.013372432465885615
7.03,0.011880018683568588,-0.0029988639027769127,0.0,0.0,0.0027410932837250894,-0.013336884166548458
7.04,0.011837810397980526,-0.0030049640336475432,0.0,0.0,0.0027120642807098266,-0.013301295277287612
7.05,0.011795276543592121,-0.0030113750984526134,0.0,0.0,0.0026830554030453954,-0.013265730679675401
7.0600000000000005,0.011752426099608361,-0.0030180971850296955,0.0,0.0,0.0026540747904170653,-0.013230241282803718
7.07,0.011709242917616257,-0.003025146004181799,0.0,0.0,0.0026251187713603077,-0.01319486108334087
7.08,0.011665474275379964,-0.003032647538676865,0.0,0.0,0.0025961119419511255,-0.013159496295579363
7.09,0.011621270588002547,-0.00304047251140651,0.0,0.0,0.002566936617048545,-0.013123907716616149
7.1000000000000005,0.011576731413178621,-0.003048584205262587,0.0,0.0,0.0025375872914376943,-0.013088008211045154
7.11,0.011531906839351493,-0.0030569719247310894,0.0,0.0,0.0025081208957590632,-0.013051861787381191
7.12,0.011486808228940128,-0.0030656407626773303,0.0,0.0,0.002478596898730392,-0.01301558975988983
7.13,0.011441458609216509,-0.0030745798091549297,0.0,0.0,0.002449061330704202,-0.012979316441830263
7.140000000000001,0.011395864941104861,-0.0030837882629227305,0.0,0.0,0.002419547019417845,-0.012943147331267437
7.15,0.011350037809991614,-0.0030932622146261878,0.0,0.0,0.0023900728708101705,-0.012907159480186834
7.16,0.011303985254534578,-0.00310299997758073,0.0,0.0,0.00236064827570816,-0.012871406394050156
7.17,0.011257717675351407,-0.0031129980871593874,0.0,0.0,0.00233127513132693,-0.012835922711257082
7.18,0.01121121592925127,-0.0031232721849724665,0.0,0.0,0.0023019477984108157,-0.012800725935256965
7.19,0.011164218003231051,-0.0031339501905327588,0.0,0.0,0.002272589780203009,-0.012765702325873984
7.2,0.011116875246470684,-0.00314490088852212,0.0,0.0,0.002243083390401792,-0.012730589465639312
7.21,0.011069304798849485,-0.003156076009814378,0.0,0.0,0.0022134307499646656,-0.012695289902970842
7.22,0.011021543433842797,-0.0031674754854320655,0.0,0.0,0.002183696558930183,-0.012659863889961931
7.23,0.010973615063314499,-0.003179094737036334,0.0,0.0,0.002153947209685891,-0.01262443228301942
7.24,0.010925530868486685,-0.0031909318788109573,0.0,0.0,0.0021242346001526663,-0.012589120253233051
7.25,0.010877306033596632,-0.003202979546623543,0.0,0.0,0.002094591987173048,-0.012554028589183364
7.26,0.01082894985367983,-0.0032152349456765175,0.0,0.0,0.002065042607917867,-0.012519235717562827
7.2700000000000005,0.010780473762644002,-0.003227693878420631,0.0,0.0,0.002035598620653095,-0.012484795485211265
7.28,0.010731882238362387,-0.003240357426498276,0.0,0.0,0.002006263726151508,-0.012450742401242967
7.29,0.010683151724467236,-0.003253244825887708,0.0,0.0,0.0019770294740391963,-0.0124170882252937
7.3,0.0106340401474014,-0.0032664752142310253,0.0,0.0,0.001947816477830308,-0.012383716970021283
7.3100000000000005,0.010584697730021752,-0.0032799159553107923,0.0,0.0,0.0019185109314141422,-0.012350378077447691
7.32,0.010535223753765113,-0.0032935299103170864,0.0,0.0,0.00188911499540471,-0.012316977382360988
7.33,0.010485661573172145,-0.0033073090689413483,0.0,0.0,0.0018596902083498797,-0.012283568297699264
7.34,0.010436022612422678,-0.0033212559622388844,0.0,0.0,0.001830301563565223,-0.012250262061526107
7.3500000000000005,0.010386328234888956,-0.0033353587162828937,0.0,0.0,0.0018009960463748797,-0.012217166531770143
7.36,0.010337052628835249,-0.0033508868590642208,0.0,0.0,0.0017715891304431112,-0.01218448788684477
7.37,0.010287996378304897,-0.003367231894544399,0.0,0.0,0.0017405265945256655,-0.01215278393904025
7.38,0.010239067281095715,-0.0033824951865404672,0.0,0.0,0.0017080483699715638,-0.012122298619729122
7.390000000000001,0.010190262256220177,-0.003397232516971357,0.0,0.0,0.001675710673339887,-0.012093060979023356
7.4,0.010141524888679747,-0.0034118494441550034,0.0,0.0,0.0016445495723771356,-0.012065002163240699
7.41,0.010092750765745291,-0.003426545776344984,0.0,0.0,0.0016148421535189781,-0.012037943561232922
7.42,0.01004383292734083,-0.003441389831001751,0.0,0.0,0.0015864070072630903,-0.012011590406142058
7.43,0.009994382572326252,-0.0034565066697924947,0.0,0.0,0.001558879308427843,-0.011985473543388005
7.44,0.00994452081968377,-0.003471781102262984,0.0,0.0,0.0015318388810940389,-0.011958931908505901
7.45,0.009894330523967515,-0.0034870683904501374,0.0,0.0,0.0015050897550931855,-0.011931526459734047
7.46,0.009843845021383113,-0.003502298966705165,0.0,0.0,0.0014786545698452125,-0.011903061330746088
7.47,0.009793091234843192,-0.0035174235581644014,0.0,0.0,0.0014526683932533193,-0.011873496767523571
7.48,0.009742093284534143,-0.0035324115092577415,0.0,0.0,0.0014273026916844101,-0.011842886206727824
7.49,0.009690888304017592,-0.003547237937011365,0.0,0.0,0.0014027180613726048,-0.011811338153765828
7.5,0.00963949819402385,-0.0035619015410049944,0.0,0.0,0.0013790382531534524,-0.011778993667786258
7.51,0.009587951712310146,-0.0035764025353683003,0.0,0.0,0.0013563350713564717,-0.011746004929635892
7.5200000000000005,0.009536282272104344,-0.003590740140216011,0.0,0.0,0.0013346342146558791,-0.011712530264381009
7.53,0.009484500946645831,-0.0036049293968130427,0.0,0.0,0.0013139214627301537,-0.011678723113903552
7.54,0.009432614935612484,-0.0036189838407388658,0.0,0.0,0.001294143243608421,-0.011644710582788206
7.55,0.009380641438884866,-0.0036329043027565596,0.0,0.0,0.0012752260767369265,-0.011610597409575587
7.5600000000000005,0.009328401481730576,-0.0036468018282380856,0.0,0.0,0.0012570637825466075,-0.01157642384560141
7.57,0.009275842299676852,-0.0036606523336935154,0.0,0.0,0.0012394571728627454,-0.011542007661197198
7.58,0.009223117385120981,-0.0036743685115319313,0.0,0.0,0.0012222925436733254,-0.011507205478534519
7.59,0.009170285700510178,-0.0036879351617000802,0.0,0.0,0.0012055555992666644,-0.011472034751223688
7.6000000000000005,0.009117371413472623,-0.0037013464183226824,0.0,0.0,0.0011892705457821032,-0.011436606701158342
7.61,0.009064385344706967,-0.0037145954650252247,0.0,0.0,0.00117346608436419,-0.011401052857941685
7.62,0.009011339279452853,-0.003727670185533496,0.0,0.0,0.0011581661715350327,-0.011365487908494148
7.63,0.008958233155833255,-0.003740566888764194,0.0,0.0,0.0011433919618394905,-0.01133000219322054
7.640000000000001,0.00890508200346242,-0.003753270976152976,0.0,0.0,0.0011291579340257309,-0.011294657323564343
7.65,0.008851883078480552,-0.0037657825826750073,0.0,0.0,0.0011154767947493091,-0.011259497923256406
7.66,0.00879864588486798,-0.0037780929852386028,0.0,0.0,0.0011023537126343813,-0.011224549637140242
7.67,0.008745379339345044,-0.0037901942469928877,0.0,0.0,0.0010897907998405339,-0.011189828902650769
7.68,0.008692080452675433,-0.0038020873603033917,0.0,0.0,0.0010777871286741776,-0.01115534525955387
7.69,0.008638490363487126,-0.0038138074601495615,0.0,0.0,0.001066328894933783,-0.011121048345107434
7.7,0.008584576428623184,-0.0038253689189346415,0.0,0.0,0.001055344473685634,-0.011086575241985416
7.71,0.008530612546474471,-0.0038366804824103693,0.0,0.0,0.0010447979071660576,-0.01105172770778918
7.72,0.008476651231541989,-0.003847737820719477,0.0,0.0,0.0010347244990316297,-0.011016582812959233
7.73,0.008422718672659722,-0.0038585456735052526,0.0,0.0,0.0010251693439177576,-0.010981325324958092
7.74,0.008368819129439962,-0.0038691120420170856,0.0,0.0,0.001016154582273557,-0.0109461411603647
7.75,0.008314964175736957,-0.003879430283148556,0.0,0.0,0.0010076823593660551,-0.01091117785747612
7.76,0.008261149339800466,-0.003889501129300764,0.0,0.0,0.0009997469065832106,-0.010876538832975863
7.7700000000000005,0.008207378974349944,-0.003899316021549346,0.0,0.0,0.0009923371811990651,-0.01084228146451393
7.78,0.008153648888988448,-0.003908872346782823,0.0,0.0,0.0009854454763185698,-0.010808432334274753
7.79,0.00809996613367736,-0.003918158951925234,0.0,0.0,0.000979065896256395,-0.010774993327680584
7.8,0.008046327605349781,-0.0039271731764273605,0.0,0.0,0.0009731982661449703,-0.010741955513240366
7.8100000000000005,0.007992734992269409,-0.003935909025503908,0.0,0.0,0.0009678414944927934,-0.01070929796838129
7.82,0.007939193353103668,-0.003944358594032689,0.0,0.0,0.0009629978459878473,-0.010676998797758998
7.83,0.007885701657726556,-0.0039525188710018205,0.0,0.0,0.0009586693167229718,-0.010645034214200506
7.84,0.007832121304809796,-0.003960389822658948,0.0,0.0,0.0009548561895920003,-0.01061336945049616
7.8500000000000005,0.007777936998844388,-0.003967997120841584,0.0,0.0,0.0009515413920763638,-0.010581579956221226
7.86,0.007723852292440368,-0.003975269100845011,0.0,0.0,0.0009487111129886078,-0.010549245091885984
7.87,0.007669907335277399,-0.0039821955506454685,0.0,0.0,0.0009464059231258392,-0.01051648471348565
7.88,0.007616120568861164,-0.003988789724126195,0.0,0.0,0.0009446670571325545,-0.010483591686710267
7.890000000000001,0.00756248600854895,-0.003995072515349305,0.0,0.0,0.0009435067935332095,-0.010450851873206261
7.9,0.007509002268947395,-0.004001049062041074,0.0,0.0,0.0009429023259715921,-0.010418471181379034
7.91,0.007455659119905662,-0.00400672299127506,0.0,0.0,0.0009428173859376287,-0.010386575738549923
7.92,0.007402450937133106,-0.004012089637985738,0.0,0.0,0.0009432153487925486,-0.010355223485104006
7.930000000000001,0.007349381293053519,-0.004017135676623378,0.0,0.0,0.0009440716315926376,-0.010324427887715712
7.94,0.007296433853590468,-0.004021863065691637,0.0,0.0,0.0009453747938061394,-0.010294173352996244
7.95,0.007243616832196206,-0.004026255801439215,0.0,0.0,0.0009471222001333397,-0.01026442436045747
7.96,0.007190924597103395,-0.00403031018222417,0.0,0.0,0.0009493224565527857,-0.010235142109536393
7.97,0.007138360849817361,-0.004034016675115136,0.0,0.0,0.0009519871618884616,-0.010206284405129839
7.98,0.007085923750804457,-0.004037371395352593,0.0,0.0,0.0009551313669848352,-0.010177813596553939
7.99,0.007033615383172321,-0.004040368435843191,0.0,0.0,0.0009587700906572395,-0.010149696576851655
8.0,0.006981432240127361,-0.0040430064221250814,0.0,0.0,0.000962912995131284,-0.010121899849496237
8.01,0.006929373596541501,-0.004045282068176066,0.0,0.0,0.0009675669768299975,-0.010094392906952106
8.02,0.006876596534593736,-0.004047177928253228,0.0,0.0,0.0009727377056112179,-0.010066909239037143
8.03,0.006823861956628736,-0.004048641887210935,0.0,0.0,0.0009784581238205733,-0.010038708424968781
8.040000000000001,0.0067714292627790275,-0.004049670994131579,0.0,0.0,0.000984795621099545,-0.010009847546327125
8.05,0.006719286179217443,-0.0040502948484998965,0.0,0.0,0.000991797004519375,-0.009980741458448125
8.06,0.0066674129109418655,-0.0040505472166936325,0.0,0.0,0.0009994546996352823,-0.0099517927856831
8.07,0.006615802620106492,-0.004050440723360806,0.0,0.0,0.0010077139526654107,-0.009923287453802188
8.08,0.0065644340575266415,-0.00404998839773782,0.0,0.0,0.0010165021679266624,-0.009895394771871787
8.09,0.0065132891423683925,-0.004049192725876539,0.0,0.0,0.0010257442459501074,-0.009868181433297877
8.1,0.00646236048918032,-0.004048043923696953,0.0,0.0,0.0010353822538412961,-0.009841646826523472
8.11,0.006411639437557674,-0.004046532304486387,0.0,0.0,0.0010453844816303351,-0.009815753104910556
8.120000000000001,0.006361110541242822,-0.00404465413146278,0.0,0.0,0.0010557408550038983,-0.009790440269265354
8.13,0.006310774596828126,-0.00404239492748051,0.0,0.0,0.0010664571113568981,-0.009765638076615733
8.14,0.00626063019208433,-0.004039744453967357,0.0,0.0,0.0010775530361748992,-0.009741280164673967
8.15,0.006210669230024048,-0.004036700043706181,0.0,0.0,0.0010890559053957053,-0.00971730815154492
8.16,0.006160896544013862,-0.004033250960836966,0.0,0.0,0.0011009928392465326,-0.009693669957752098
8.17,0.006111307209459869,-0.004029395724738121,0.0,0.0,0.0011133909438955489,-0.009670324600636757
8.18,0.006061897849134589,-0.004025132545647276,0.0,0.0,0.001126271041890424,-0.009647235830537242
8.19,0.0060126721516994665,-0.004020454570080099,0.0,0.0,0.0011396462166880137,-0.009624369633987396
8.2,0.005962655646747659,-0.0040152963151238365,0.0,0.0,0.0011535436028010306,-0.00960142558666324
8.21,0.005912813296934431,-0.004009607736804225,0.0,0.0,0.0011680651900412933,-0.009577595333747664
8.22,0.005863403982257259,-0.004003429140378025,0.0,0.0,0.0011833143427136576,-0.009553033395901835
8.23,0.005814389004572351,-0.003996800338075515,0.0,0.0,0.001199326696329751,-0.009528264361508543
8.24,0.0057657351996384274,-0.003989762232198726,0.0,0.0,0.0012160609275205575,-0.009503752645164227
8.25,0.005717417089204877,-0.003982341783855118,0.0,0.0,0.001233423478189815,-0.009479806599139565
8.26,0.00566940955721849,-0.003974554493317791,0.0,0.0,0.0012512982716763057,-0.009456584437623552
8.27,0.005621693892088775,-0.00396640197583914,0.0,0.0,0.001269576784444465,-0.009434133654019287
8.28,0.00557424694246697,-0.003957883766707095,0.0,0.0,0.0012881750587413303,-0.009412427834788357
8.290000000000001,0.005527051632299909,-0.003948992416219782,0.0,0.0,0.0013070390123290441,-0.009391394792960167
8.3,0.005480099502443145,-0.003939714447171647,0.0,0.0,0.0013261478753592375,-0.009370944632874079
8.31,0.005433380471135824,-0.0039300397565491954,0.0,0.0,0.0013455079456475233,-0.009350984741252294
8.32,0.005386885782661814,-0.003919959931868762,0.0,0.0,0.001365142896502201,-0.009331426940542687
8.33,0.0053406053916242036,-0.00390947035198927,0.0,0.0,0.0013850849373898075,-0.009312191129423162
8.34,0.0052945398259687864,-0.0038985608100768824,0.0,0.0,0.0014053684017682445,-0.009293207265534582
8.35,0.005248686193493422,-0.0038872264429586673,0.0,0.0,0.0014260307580319486,-0.009274423085207848
8.36,0.005203037589620539,-0.00387546692142749,0.0,0.0,0.00144710186376959,-0.009255793389976912
8.370000000000001,0.005157598144937976,-0.003863274939319503,0.0,0.0,0.0014686085637763662,-0.0092372861065647
8.38,0.005111314806992147,-0.0038505349036344174,0.0,0.0,0.0014905976317396725,-0.009218574975362291
8.39,0.005065309533567853,-0.0038371967420139023,0.0,0.0,0.0015132405010334516,-0.009198822199027078
8.4,0.005019822029738218,-0.00382334920119358,0.0,0.0,0.001536679444526577,-0.009178273391427695
8.41,0.004974787346793121,-0.0038090421091592623,0.0,0.0,0.0015609357091318434,-0.009157530446715552
8.42,0.004930168561914279,-0.003794316215828784,0.0,0.0,0.001585939172534125,-0.009137099091449146
8.43,0.004885922991645762,-0.003779211976494481,0.0,0.0,0.001611560621493379,-0.009117294229597507
8.44,0.004842021882047116,-0.0037637483594160086,0.0,0.0,0.0016376484889145766,-0.009098260955513991
8.45,0.004798445561788351,-0.003747927557560456,0.0,0.0,0.001664063700682739,-0.009080026036952484
8.46,0.004755161024356131,-0.003731755726355323,0.0,0.0,0.0016907009749862257,-0.009062543707893835
8.47,0.00471215002941303,-0.0037152241723163357,0.0,0.0,0.0017174895851480897,-0.009045719884646006
8.48,0.004669390266240787,-0.003698327150758676,0.0,0.0,0.001744395861710291,-0.00902944024294475
8.49,0.00462687161970705,-0.003681051265671961,0.0,0.0,0.0017714170038618277,-0.0090135864365186
8.5,0.004584582223280161,-0.003663387716065912,0.0,0.0,0.001798576482490736,-0.008998051789163353
8.51,0.00454251492339773,-0.003645327204334145,0.0,0.0,0.0018259102662546726,-0.008982740980218314
8.52,0.004500663343753328,-0.003626863373096701,0.0,0.0,0.0018534637959723732,-0.008967578585532144
8.53,0.004459018751920493,-0.003607994373835158,0.0,0.0,0.0018812809806523726,-0.008952502920277232
8.540000000000001,0.004416601529883245,-0.003588594094107893,0.0,0.0,0.0019094243462313889,-0.008937179750922765
8.55,0.004374509451258365,-0.0035685731225000347,0.0,0.0,0.001938108459286077,-0.008920830423788788
8.56,0.0043329378117211385,-0.003548059981382644,0.0,0.0,0.001967523785076319,-0.008903718355430057
8.57,0.004291817936947535,-0.0035271108617984017,0.0,0.0,0.0019977054975649756,-0.008886421708773596
8.58,0.004251099554971675,-0.0035057766929476714,0.0,0.0,0.0020285739297649674,-0.008869404991267923
8.59,0.004210748691001409,-0.0034840914952356692,0.0,0.0,0.002059984702644118,-0.008852944319483497
8.6,0.004170742284166983,-0.0034620716125785623,0.0,0.0,0.0020917797256272434,-0.008837165189197896
8.61,0.004131046953913641,-0.003439732046610999,0.0,0.0,0.0021238162209748462,-0.008822085903795018
8.620000000000001,0.0040916345236820416,-0.0034170767605872345,0.0,0.0,0.002155979893562804,-0.008807651015459814
8.63,0.004052486463609124,-0.003394098678594656,0.0,0.0,0.002188193182113852,-0.00879376277550771
8.64,0.00401358092382397,-0.0033707929407268537,0.0,0.0,0.0022204180665675415,-0.008780307908906116
8.65,0.003974904993022963,-0.0033471492976510013,0.0,0.0,0.002252649230028969,-0.008767171869020112
8.66,0.003936440154764285,-0.0033231645679336693,0.0,0.0,0.0022849058442873885,-0.008754248889238214
8.67,0.0038981830231635084,-0.003298826768466732,0.0,0.0,0.0023172205443825348,-0.00874144438586161
8.68,0.003859292166392617,-0.0032740148403337167,0.0,0.0,0.002349658390823791,-0.0087284400249949
8.69,0.0038207161796105053,-0.003248634990802052,0.0,0.0,0.0023824444110838545,-0.00871455247701043
8.700000000000001,0.0037826182456842665,-0.0032228142240811487,0.0,0.0,0.00241578089177345,-0.008699999879296498
8.71,0.003744924504760819,-0.0031966143857786174,0.0,0.0,0.002449715969228901,-0.008685268408335283
8.72,0.003707596937960462,-0.0031700776667051584,0.0,0.0,0.002484181558906709,-0.008670740166499309
8.73,0.0036706056321780586,-0.003143236324978987,0.0,0.0,0.002519052119410807,-0.008656643854899332
8.74,0.003633921750950715,-0.003116112641946262,0.0,0.0,0.0025541850570708247,-0.008643078481800966
8.75,0.003597514137518752,-0.0030887213684400614,0.0,0.0,0.0025894465234284616,-0.00863004734844315
8.76,0.0035613589302110967,-0.003061064948973829,0.0,0.0,0.002624728329121056,-0.008617490861367759
8.77,0.003525442947948819,-0.0030331348386791047,0.0,0.0,0.0026599622262561706,-0.00860532179430101
8.78,0.00348973609115436,-0.0030049351537815372,0.0,0.0,0.0026951147895495037,-0.008593439158047672
8.790000000000001,0.0034542305886085278,-0.002976454027731432,0.0,0.0,0.002730181530173565,-0.00858174069931145
8.8,0.0034189170781352305,-0.0029476833878423624,0.0,0.0,0.002765180907178808,-0.008570133548682319
8.81,0.0033837750284315036,-0.00291862673175715,0.0,0.0,0.002800145525896014,-0.008558537993626391
8.82,0.003348007168206285,-0.0028891538330256088,0.0,0.0,0.0028351322058730324,-0.008546650009322811
8.83,0.0033125575460144965,-0.0028591501153900586,0.0,0.0,0.0028703783868646547,-0.008533835012962293
8.84,0.0032775492244212275,-0.0028287808927954647,0.0,0.0,0.002906095849382934,-0.008520334541219903
8.85,0.0032429181334325844,-0.0027980937684278545,0.0,0.0,0.002942322350029041,-0.008506624074995502
8.86,0.0032086174466165415,-0.002767139323687836,0.0,0.0,0.0029789835884256,-0.008493072217428385
8.870000000000001,0.003174618603391545,-0.002735951723121743,0.0,0.0,0.0030159439492274723,-0.008479890372610767
8.88,0.003140894228455536,-0.002704554322057611,0.0,0.0,0.0030530524113328203,-0.00846716681028625
8.89,0.003107415931545608,-0.0026729608251116863,0.0,0.0,0.0030901685861627667,-0.008454899652140458
8.9,0.0030741547184288294,-0.0026411781488556068,0.0,0.0,0.003127181490593954,-0.008443029687405347
8.91,0.0030410976051917973,-0.0026091973897602923,0.0,0.0,0.003164019215183346,-0.008431467918216147
8.92,0.003008217743128602,-0.0025770201599461715,0.0,0.0,0.00320064909213538,-0.008420115451582558
8.93,0.0029755039820524064,-0.0025446372270803578,0.0,0.0,0.003237067997256314,-0.008408871540932452
8.94,0.002942939059938407,-0.0025120466889723544,0.0,0.0,0.00327329506008984,-0.008397643017187824
8.950000000000001,0.0029105162194965574,-0.0024792414362685986,0.0,0.0,0.003309363159111115,-0.008386348719674853
8.96,0.002876798883415889,-0.002444288286637818,0.0,0.0,0.003345796103516324,-0.008374484236420503
8.97,0.002843309572728169,-0.002409004867947464,0.0,0.0,0.0033844023089256423,-0.008360943401967457
8.98,0.0028102102198319023,-0.002374559092485627,0.0,0.0,0.003424667566502378,-0.0083459728800209
8.99,0.002777358623852784,-0.0023404525063653223,0.0,0.0,0.003465094727077115,-0.00833018477937075
