t,y,v,target_y,tilt,u,acc,est_a,est_b,kp,kd,scenario
0.0,0.17089442465863666,-0.04091493280224578,0.0,1791.0,-1.78,-2.045746640112289,0.5,-0.1,1.3,0.5,EMERGENCY_RETRIEVE
0.02,0.1692650191203951,-0.0814702769120785,0.0,1791.0,-1.78,-2.0277672054916365,2.115250720466222,-1.0,1.3,0.5,EMERGENCY_RETRIEVE
0.04,0.16683117876641007,-0.12169201769925173,0.0,1791.0,-1.78,-2.011087039358661,3.0,-1.0,1.3,0.5,EMERGENCY_RETRIEVE
0.06,0.16360005182104775,-0.16155634726811585,0.0,1791.0,-1.78,-1.9932164784432058,3.0,-1.0,1.3,0.5,EMERGENCY_RETRIEVE
0.08,0.15957623437094057,-0.20119087250535994,0.0,1791.0,-1.78,-1.9817262618622047,3.0,-1.0,1.3,0.5,EMERGENCY_RETRIEVE
0.1,0.15476865289910421,-0.24037907359181726,0.0,1791.0,-1.78,-1.9594100543228663,3.0,-1.0,1.3,0.5,EMERGENCY_RETRIEVE
0.12000000000000001,0.14995716752952093,-0.24057426847916358,0.0,1959.312539189214,-0.09687460810785979,-0.00975974436731575,3.0,-1.0,1.3,0.5,PREEMPTIVE_BRAKING
0.14,0.14572008230817127,-0.2118542610674833,0.0,2085.0454735058083,1.1604547350580834,1.436000370584013,3.0,-0.9701506489136276,1.3,0.5,PREEMPTIVE_BRAKING
0.16,0.14221002605247887,-0.17550281278462,0.0,2119.0,1.5,1.8175724141431655,2.8175218186978848,-0.9061585869282379,1.3,0.5,PREEMPTIVE_BRAKING
0.18,0.139418829957546,-0.13955980474664303,0.0,2119.0,1.5,1.797150401898848,2.656453778804089,-0.8482716321199433,1.3,0.5,PREEMPTIVE_BRAKING
0.19999999999999998,0.1373418298894011,-0.10385000340724479,0.0,2119.0,1.5,1.7854900669699123,2.5656097504830773,-0.8126627403038048,1.3,0.5,PREEMPTIVE_BRAKING
0.21999999999999997,0.13597163812071858,-0.06850958843412637,0.0,2119.0,1.5,1.767020748655921,2.523664103200317,-0.7964703494655389,1.3,0.5,PREEMPTIVE_BRAKING
0.23999999999999996,0.13529170832697449,-0.03399648968720433,0.0,2116.3130726646436,1.4731307266464364,1.7256549373461016,2.515364989042176,-0.7935382485144278,1.3,0.5,PREEMPTIVE_BRAKING
0.25999999999999995,0.13506867832948705,-0.01115149987437183,0.0,2067.329326521715,0.9832932652171484,1.1422494906416252,2.530674357022984,-0.7982478727837269,1.3,0.5,PREEMPTIVE_BRAKING
0.27999999999999997,0.13507678502220538,0.00040533463591610475,0.0,2018.661758068658,0.49661758068657946,0.5778417255143967,2.5590971419395347,-0.8085967354482527,1.3,0.5,PREEMPTIVE_BRAKING
0.3,0.13512170443615687,0.002245970697574152,0.0,1977.2728304706857,0.08272830470685676,0.09203180308290236,2.577719651705491,-0.8184962710018591,1.3,0.5,PREEMPTIVE_BRAKING
0.32,0.13506494046837017,-0.0028381983893352282,0.0,1947.082389713965,-0.21917610286034914,-0.254208454345469,2.5808657929610828,-0.825505596519139,1.3,0.5,PREEMPTIVE_BRAKING
0.34,0.13482418815355324,-0.012037615740847048,0.0,1929.1037049249064,-0.39896295075093574,-0.4599708675755909,2.5736792255971914,-0.8296475959316159,1.3,0.5,PREEMPTIVE_BRAKING
0.36000000000000004,0.1343715242524472,-0.022633195055301772,0.0,1922.294029124137,-0.4670597087586293,-0.5297789657227361,2.5640691978023833,-0.8318595960913627,1.3,0.5,PREEMPTIVE_BRAKING
0.38000000000000006,0.13378466206996525,-0.02934310912409673,0.0,1939.2186077588574,-0.2978139224114261,-0.3354957034397479,2.557378549892309,-0.8329873690027051,1.3,0.5,PREEMPTIVE_BRAKING
0.4000000000000001,0.13302237133455413,-0.03811453677055558,0.0,1929.8378322760693,-0.3916216772393068,-0.43857138232294257,2.5566345697140296,-0.8331928883188391,1.3,0.5,PREEMPTIVE_BRAKING
0.4200000000000001,0.1321280662353755,-0.04471525495893061,0.0,1939.3712763929132,-0.2962872360708684,-0.33003590941875127,2.556463970134625,-0.8332333141903223,1.3,0.5,PREEMPTIVE_BRAKING
0.4400000000000001,0.13115598688195562,-0.04860396767099402,0.0,1950.3035206184031,-0.18696479381596873,-0.1944356356031705,2.558051665606205,-0.8326401267272227,1.3,0.5,PREEMPTIVE_BRAKING
0.46000000000000013,0.13015408457872626,-0.05009511516146845,0.0,1960.5237339151065,-0.08476266084893495,-0.07455737452372155,2.559678181595612,-0.8314992063796534,1.3,0.5,PREEMPTIVE_BRAKING
0.48000000000000015,0.1291600378071994,-0.04970233857634371,0.0,1968.7435290328538,-0.002564709671462424,0.019638829256237285,2.560519445697224,-0.8300092019667977,1.3,0.5,PREEMPTIVE_BRAKING
0.5000000000000001,0.12819977378190855,-0.0480132012645425,0.0,1974.3773142199225,0.05377314219922482,0.08445686559006063,2.5605438608789415,-0.8284365218344372,1.3,0.5,PREEMPTIVE_BRAKING
0.5200000000000001,0.12728486532643093,-0.04574542277388084,0.0,1977.3800263212577,0.08380026321257673,0.11338892453308265,2.56011280192149,-0.8270313926485083,1.3,0.5,PREEMPTIVE_BRAKING
0.5400000000000001,0.1264183665823419,-0.04332493720445161,0.0,1978.1693765307602,0.09169376530760247,0.12102427847146158,2.5596054011560163,-0.8259396039887951,1.3,0.5,PREEMPTIVE_BRAKING
0.5600000000000002,0.12552877582300542,-0.04447953796682342,0.0,1962.3050473005908,-0.06694952699409214,-0.057730038118590545,2.5592380892706648,-0.8252140824661426,1.3,0.5,PREEMPTIVE_BRAKING
0.5800000000000002,0.12468646618008843,-0.04211548214585,0.0,1977.5357975595532,0.08535797559553203,0.11820279104867089,2.559201331048316,-0.8253122353715723,1.3,0.5,PREEMPTIVE_BRAKING
0.6000000000000002,0.12388630016870542,-0.04000830056915042,0.0,1976.3122952279637,0.0731229522796366,0.10535907883497928,2.5589260715654842,-0.8247365666641218,1.3,0.5,PREEMPTIVE_BRAKING
0.6200000000000002,0.12311811593437326,-0.0384092117166076,0.0,1974.2251465212498,0.05225146521249826,0.079954442627141,2.558816530041591,-0.824473661143389,1.3,0.5,PREEMPTIVE_BRAKING
0.6400000000000002,0.12236961973968881,-0.03742480973422255,0.0,1971.8475542755384,0.02847554275538414,0.049220099119252715,2.5588038057615017,-0.8244320534855868,1.3,0.5,PREEMPTIVE_BRAKING
0.6600000000000003,0.12162979319112208,-0.03699132742833684,0.0,1969.649977130905,0.00649977130904972,0.021674115294285173,2.5588168050867606,-0.8245076935248552,1.3,0.5,PREEMPTIVE_BRAKING
0.6800000000000003,0.12089222942984026,-0.036878188064090635,0.0,1967.9235980589453,-0.010764019410546553,0.00565696821231022,2.55882115811795,-0.8246154479285672,1.3,0.5,PREEMPTIVE_BRAKING
0.7000000000000003,0.12015076597400136,-0.037073172791945115,0.0,1966.7283890354913,-0.022716109645086816,-0.009749236392723893,2.5588146010668993,-0.8247110962564732,1.3,0.5,PREEMPTIVE_BRAKING
0.7200000000000003,0.11940258496212677,-0.037409050593729266,0.0,1966.099747293454,-0.02900252706546098,-0.016793890089207657,2.5588081039757924,-0.8247551893346298,1.3,0.5,PREEMPTIVE_BRAKING
0.7400000000000003,0.11864456342496132,-0.0379010768582723,0.0,1965.4209142756395,-0.03579085724360539,-0.02460131322715178,2.558789862744596,-0.8248510438194048,1.3,0.5,PREEMPTIVE_BRAKING
0.7600000000000003,0.11787712196020944,-0.03837207323759391,0.0,1965.880949504539,-0.03119050495460897,-0.02354981896608055,2.5588159693634704,-0.8247412404038833,1.3,0.5,PREEMPTIVE_BRAKING
0.7800000000000004,0.11717355867246633,-0.035178164387155264,0.0,1981.5900685489976,0.1259006854899758,0.15969544252193224,2.558855313524712,-0.8245509487418101,1.3,0.5,PREEMPTIVE_BRAKING
0.8000000000000004,0.11638810779807994,-0.039272543719319375,0.0,1950.1577553535487,-0.18842244646451264,-0.20471896660820543,2.558320471851022,-0.8239067398534176,1.3,0.5,PREEMPTIVE_BRAKING
0.8200000000000004,0.11566844215259736,-0.035983282274129044,0.0,1981.8245841213009,0.12824584121300858,0.16446307225951648,2.557673416623037,-0.8244162373998629,1.3,0.5,PREEMPTIVE_BRAKING
0.8400000000000004,0.11487238386783885,-0.0398029142379252,0.0,1951.0061643602694,-0.17993835639730604,-0.19098159818980806,2.557006405691639,-0.8236309696760914,1.3,0.5,PREEMPTIVE_BRAKING
0.8600000000000004,0.11414513911156497,-0.03636223781369391,0.0,1982.93242699431,0.13932426994309935,0.17203382121156446,2.556514264244968,-0.8240381320939679,1.3,0.5,PREEMPTIVE_BRAKING
0.8800000000000004,0.11334587794958711,-0.03996305809889304,0.0,1952.2023396799123,-0.16797660320087743,-0.18004101425995656,2.555712630423649,-0.8231637316898566,1.3,0.5,PREEMPTIVE_BRAKING
0.9000000000000005,0.11262232083450102,-0.03617785575430455,0.0,1984.054002123811,0.1505400212381096,0.18926011722942446,2.5553139032353385,-0.8235198220579507,1.3,0.5,PREEMPTIVE_BRAKING
0.9200000000000005,0.11183123784747737,-0.03955414935118272,0.0,1953.0549760672693,-0.15945023932730693,-0.1688146798439085,2.5544403985057076,-0.8226322417879606,1.3,0.5,PREEMPTIVE_BRAKING
0.9400000000000005,0.11111897441360556,-0.03561317169359033,0.0,1984.5763200585984,0.1557632005859841,0.19704888287961936,2.554039535809464,-0.8230105768890597,1.3,0.5,PREEMPTIVE_BRAKING
0.9600000000000005,0.11034017876597578,-0.038939782381488756,0.0,1953.2466838995736,-0.15753316100426445,-0.16633053439492126,2.5531791069666867,-0.8221664745297877,1.3,0.5,PREEMPTIVE_BRAKING
0.9800000000000005,0.10963894265194105,-0.03506180570173682,0.0,1984.5037477147232,0.15503747714723204,0.19389883398759675,2.552734246022196,-0.8225892184819139,1.3,0.5,PREEMPTIVE_BRAKING
1.0000000000000004,0.10886971305253153,-0.03846147997047586,0.0,1953.027343913907,-0.15972656086092912,-0.1699837134369518,2.5519171893643104,-0.8217907068426143,1.3,0.5,PREEMPTIVE_BRAKING
1.0200000000000005,0.1081783417155384,-0.03456856684965593,0.0,1984.2264836208185,0.15226483620818498,0.19464565604099648,2.5514374356748464,-0.822235650630503,1.3,0.5,PREEMPTIVE_BRAKING
1.0400000000000005,0.10741862341884598,-0.03798591483462114,0.0,1952.6989503309392,-0.1630104966906083,-0.17086739924826033,2.5506652853139933,-0.8214757472826717,1.3,0.5,PREEMPTIVE_BRAKING
1.0600000000000005,0.10673245311469731,-0.03430851520743322,0.0,1983.8722829832857,0.14872282983285687,0.1838699813593957,2.5501468094292945,-0.8219413185813901,1.3,0.5,PREEMPTIVE_BRAKING
1.0800000000000005,0.10597731667936741,-0.03775682176649511,0.0,1952.461846440504,-0.16538153559496094,-0.17241532795309453,2.549391098804319,-0.8211890416462699,1.3,0.5,PREEMPTIVE_BRAKING
1.1000000000000005,0.1052963995174884,-0.03404585809395097,0.0,1983.7363599730165,0.14736359973016533,0.18554818362720701,2.5488717599695887,-0.8216437593575042,1.3,0.5,PREEMPTIVE_BRAKING
1.1200000000000006,0.10454608037995824,-0.037515956876507904,0.0,1952.3752664404406,-0.16624733559559446,-0.17350493912784679,2.5481228204065505,-0.8208983427612006,1.3,0.5,PREEMPTIVE_BRAKING
1.1400000000000006,0.1038685467384351,-0.033876682076157495,0.0,1983.697723066971,0.14697723066971094,0.18196374001752033,2.547604859136967,-0.8213455080472415,1.3,0.5,PREEMPTIVE_BRAKING
1.1600000000000006,0.10311895940751963,-0.037479366545773725,0.0,1952.4927235049188,-0.16507276495081213,-0.18013422348081148,2.5468459215713386,-0.8205942697824549,1.3,0.5,PREEMPTIVE_BRAKING
1.1800000000000006,0.10244530511664923,-0.033682714543519926,0.0,1984.0880537210594,0.15088053721059397,0.18983260011269,2.5463702406963042,-0.821004881913541,1.3,0.5,PREEMPTIVE_BRAKING
1.2000000000000006,0.10170247856848325,-0.03714132740829933,0.0,1952.9368040113075,-0.1606319598869254,-0.1729306432389701,2.5455709250263805,-0.8202382034083211,1.3,0.5,PREEMPTIVE_BRAKING
1.2200000000000006,0.10103924118319345,-0.033161869264489795,0.0,1984.437689026857,0.15437689026857015,0.19897290719047653,2.5451130728492384,-0.8206421595221607,1.3,0.5,PREEMPTIVE_BRAKING
1.2400000000000007,0.1003109007933143,-0.036417019493957634,0.0,1953.1035217374847,-0.158964782625153,-0.16275751147339176,2.5443165573230466,-0.8199003408038668,1.3,0.5,PREEMPTIVE_BRAKING
1.2600000000000007,0.0996595494853034,-0.03256756540054492,0.0,1984.345846603759,0.153458466037589,0.19247270467063565,2.543813789940141,-0.8203445102516606,1.3,0.5,PREEMPTIVE_BRAKING
1.2800000000000007,0.09893927402867632,-0.03601377283135363,0.0,1952.910330942569,-0.1608966905743091,-0.1723103715404354,2.543052283343615,-0.8196398315134198,1.3,0.5,PREEMPTIVE_BRAKING
1.3000000000000007,0.09829479868431214,-0.03222376721820895,0.0,1984.2004269561712,0.15200426956171215,0.18950028065723382,2.542540345077393,-0.8200804627483766,1.3,0.5,PREEMPTIVE_BRAKING
1.3200000000000007,0.0975807049831463,-0.035704685058291864,0.0,1952.8345150757295,-0.1616548492427046,-0.1740458920041456,2.5417822344941654,-0.8193814421420889,1.3,0.5,PREEMPTIVE_BRAKING
1.3400000000000007,0.09694161055036893,-0.03195472163886861,0.0,1984.1940643895105,0.1519406438951046,0.1874981709711627,2.5412773673750335,-0.8198086161272051,1.3,0.5,PREEMPTIVE_BRAKING
1.3600000000000008,0.09623491564419738,-0.03533474530857736,0.0,1952.900995469913,-0.16099004530087085,-0.16900118348543738,2.5405066405684864,-0.8191056098082191,1.3,0.5,PREEMPTIVE_BRAKING
1.3800000000000008,0.09560403517822508,-0.03154402329861534,0.0,1984.246774741967,0.152467747419671,0.18953610049810105,2.540003334628947,-0.8195287845080659,1.3,0.5,PREEMPTIVE_BRAKING
1.4000000000000008,0.09490417710943486,-0.03499290343951111,0.0,1952.9169782258493,-0.16083021774150666,-0.17244400704478852,2.539237144480191,-0.8188395555040814,1.3,0.5,PREEMPTIVE_BRAKING
1.4200000000000008,0.09428011537153896,-0.031203086894794774,0.0,1984.279135306596,0.1527913530659589,0.1894908272358166,2.5387375256825915,-0.8192553909046121,1.3,0.5,PREEMPTIVE_BRAKING
1.4400000000000008,0.09358817065748445,-0.03459723570272538,0.0,1952.9601626741796,-0.16039837325820372,-0.1697074403965304,2.537967802907672,-0.8185718032343152,1.3,0.5,PREEMPTIVE_BRAKING
1.4600000000000009,0.09297296495498142,-0.030760285125151766,0.0,1984.2940745047158,0.1529407450471581,0.19184752887868084,2.5374642680223776,-0.8189875347370578,1.3,0.5,PREEMPTIVE_BRAKING
1.4800000000000009,0.09228919910076475,-0.03418829271083377,0.0,1952.9241185042436,-0.16075881495756447,-0.1714003792841,2.536706373116589,-0.8183224248288882,1.3,0.5,PREEMPTIVE_BRAKING
1.5000000000000009,0.0916800655851074,-0.03045667578286712,0.0,1984.2421826969924,0.1524218269699236,0.1865808463983323,2.5361942554437014,-0.8187393096054819,1.3,0.5,PREEMPTIVE_BRAKING
1.520000000000001,0.0909996480594778,-0.03402087628147987,0.0,1952.9262948007351,-0.1607370519926485,-0.1782100249306377,2.535432684305207,-0.8180766230644158,1.3,0.5,PREEMPTIVE_BRAKING
1.540000000000001,0.09039584082302893,-0.030190361822443293,0.0,1984.3672572826301,0.15367257282630134,0.19152572295182893,2.534947387638995,-0.8184672758293242,1.3,0.5,PREEMPTIVE_BRAKING
1.560000000000001,0.0897244445807596,-0.033569812113466595,0.0,1953.0742614270139,-0.1592573857298612,-0.1689725145511652,2.5341693023579737,-0.8178019735810426,1.3,0.5,PREEMPTIVE_BRAKING
1.580000000000001,0.08912904186679177,-0.02977013569839144,0.0,1984.4134675273328,0.15413467527332841,0.1899838207537576,2.533673250178411,-0.8182013102603453,1.3,0.5,PREEMPTIVE_BRAKING
1.600000000000001,0.08846589733882246,-0.0331572263984656,0.0,1953.0671432952058,-0.15932856704794177,-0.16935453500370776,2.532904051521966,-0.8175524112931728,1.3,0.5,PREEMPTIVE_BRAKING
1.620000000000001,0.08787801636995693,-0.029394048443276546,0.0,1984.3723599288562,0.15372359928856213,0.18815889775945258,2.5323981676789087,-0.8179548365379896,1.3,0.5,PREEMPTIVE_BRAKING
1.640000000000001,0.08722122169807742,-0.03283973359397546,0.0,1953.023860356394,-0.15976139643606074,-0.1722842575349459,2.531636306011602,-0.8173179366618556,1.3,0.5,PREEMPTIVE_BRAKING
1.660000000000001,0.0866399255445674,-0.02906480767550127,0.0,1984.3632745315274,0.15363274531527396,0.18874629592370962,2.531132662036887,-0.817712719916018,1.3,0.5,PREEMPTIVE_BRAKING
1.680000000000001,0.08599067189172556,-0.03246268264209174,0.0,1953.0301570676543,-0.15969842932345726,-0.16989374832952348,2.530370721319005,-0.8170825249802147,1.3,0.5,PREEMPTIVE_BRAKING
1.700000000000001,0.08541712101047168,-0.0286775440626941,0.0,1984.3489351785056,0.153489351785056,0.1892569289698821,2.5298615769181567,-0.8174773011319845,1.3,0.5,PREEMPTIVE_BRAKING
1.720000000000001,0.08477458691421405,-0.03212670481288143,0.0,1952.9935758494642,-0.1600642415053585,-0.1724580375093663,2.5291083335791256,-0.8168607609921011,1.3,0.5,PREEMPTIVE_BRAKING
1.740000000000001,0.08420726581744474,-0.028366054838465573,0.0,1984.3278432831107,0.15327843283110723,0.18803249872079267,2.528597856222739,-0.8172509799732256,1.3,0.5,PREEMPTIVE_BRAKING
1.7600000000000011,0.0835717168680453,-0.031777447469971735,0.0,1952.9976206395236,-0.16002379360476426,-0.17056963157530797,2.5278436687851418,-0.8166398622830434,1.3,0.5,PREEMPTIVE_BRAKING
1.7800000000000011,0.08301079239259328,-0.02804622377260134,0.0,1984.3244937950135,0.15324493795013494,0.18656118486851972,2.5273305324250015,-0.8170278006893802,1.3,0.5,PREEMPTIVE_BRAKING
1.8000000000000012,0.08238076439248287,-0.031501400005520215,0.0,1953.006464761158,-0.15993535238842013,-0.17275881164594367,2.5265762597986723,-0.816423284116005,1.3,0.5,PREEMPTIVE_BRAKING
1.8200000000000012,0.0818278815077688,-0.027644144235703404,0.0,1984.3684270249732,0.15368427024973244,0.19286278849084054,2.52607061634958,-0.8168014966052662,1.3,0.5,PREEMPTIVE_BRAKING
1.8400000000000012,0.08120661103017882,-0.03106352387949921,0.0,1952.994278243943,-0.1600572175605703,-0.17096898218979031,2.5253259852468712,-0.8162126018290295,1.3,0.5,PREEMPTIVE_BRAKING
1.8600000000000012,0.08066128816637101,-0.027266143190389884,0.0,1984.2928920130917,0.1529289201309166,0.1898690344554662,2.524803437142106,-0.8165986669524454,1.3,0.5,PREEMPTIVE_BRAKING
1.8800000000000012,0.08004588781332746,-0.030770017652177514,0.0,1952.9107101447128,-0.16089289855287234,-0.17519372308938153,2.524070923122553,-0.8160236260665388,1.3,0.5,PREEMPTIVE_BRAKING
1.9000000000000012,0.07950496529622862,-0.02704612585494185,0.0,1984.2557935809157,0.15255793580915677,0.18619458986178314,2.52354969435963,-0.8164018700426232,1.3,0.5,PREEMPTIVE_BRAKING
1.9200000000000013,0.07889465581377407,-0.030515474122727825,0.0,1952.951573054117,-0.16048426945882965,-0.1734674133892987,2.522806381824877,-0.815823751244457,1.3,0.5,PREEMPTIVE_BRAKING
1.9400000000000013,0.07835865386189142,-0.026800097594132835,0.0,1984.3286142918682,0.15328614291868234,0.1857688264297495,2.5222950887910773,-0.8161917678696343,1.3,0.5,PREEMPTIVE_BRAKING
1.9600000000000013,0.07775527836681059,-0.03016877475404109,0.0,1953.0512458900253,-0.15948754109974744,-0.16843385799541263,2.5215400927467932,-0.8156131437560408,1.3,0.5,PREEMPTIVE_BRAKING
1.9800000000000013,0.07722806389475918,-0.02636072360257021,0.0,1984.3825462536688,0.15382546253668805,0.19040255757354385,2.52102660225041,-0.815981451055028,1.3,0.5,PREEMPTIVE_BRAKING
2.0000000000000013,0.07663178963194378,-0.029813713140770234,0.0,1953.0133215577334,-0.15986678442266566,-0.17264947691000113,2.5202879082986116,-0.8154230630452746,1.3,0.5,PREEMPTIVE_BRAKING
2.0200000000000014,0.07611249316898804,-0.025964823147786958,0.0,1984.3320821566226,0.15332082156622617,0.1924444996491638,2.5197667259941023,-0.8157915456742157,1.3,0.5,PREEMPTIVE_BRAKING
2.0400000000000014,0.07552524191910752,-0.029362562494025506,0.0,1952.926993109999,-0.16073006890000896,-0.1698869673119274,2.5190434036475366,-0.8152495004057636,1.3,0.5,PREEMPTIVE_BRAKING
2.0600000000000014,0.07501490061635373,-0.025517065137689334,0.0,1984.1843035017969,0.15184303501796875,0.19227486781680858,2.518498680053949,-0.8156276683878009,1.3,0.5,PREEMPTIVE_BRAKING
2.0800000000000014,0.07443234334770195,-0.029127863432588736,0.0,1952.7367436731943,-0.1626325632680573,-0.18053991474497003,2.5178023604580946,-0.8151078945701657,1.3,0.5,PREEMPTIVE_BRAKING
2.1000000000000014,0.07392289293891656,-0.025472520439269754,0.0,1984.0974734774438,0.15097473477443826,0.18276714966594912,2.517261771738658,-0.8154734058489314,1.3,0.5,PREEMPTIVE_BRAKING
2.1200000000000014,0.0733444155406727,-0.02892386991219288,0.0,1952.8417275294516,-0.16158272470548354,-0.1725674736461563,2.516535353129979,-0.8149348682796241,1.3,0.5,PREEMPTIVE_BRAKING
2.1400000000000015,0.07284023499778158,-0.025209027144555512,0.0,1984.235733844874,0.15235733844873947,0.1857421383818685,2.5160114082707947,-0.8152880359401509,1.3,0.5,PREEMPTIVE_BRAKING
2.1600000000000015,0.07226633642604635,-0.028694928586761346,0.0,1952.9649299434195,-0.1603507005658048,-0.17429507211029177,2.515275324948478,-0.8147520056563918,1.3,0.5,PREEMPTIVE_BRAKING
2.1800000000000015,0.07176873983749335,-0.024879829427649918,0.0,1984.3693111499856,0.15369311149985607,0.19075495795557135,2.514764353130686,-0.8150958881870164,1.3,0.5,PREEMPTIVE_BRAKING
2.2000000000000015,0.07120028824953127,-0.028422579398103633,0.0,1953.0415552181125,-0.15958444781887465,-0.17713749852268576,2.514028217514038,-0.8145691478155225,1.3,0.5,PREEMPTIVE_BRAKING
2.2200000000000015,0.0707068785836884,-0.024670483292143244,0.0,1984.440852576255,0.1544085257625511,0.18760480529801954,2.513522198454476,-0.8149079160560581,1.3,0.5,PREEMPTIVE_BRAKING
2.2400000000000015,0.07014149448590828,-0.028269204889005632,0.0,1953.1484143880216,-0.15851585611978408,-0.17993607984311938,2.512772538214786,-0.8143792318106812,1.3,0.5,PREEMPTIVE_BRAKING
2.2600000000000016,0.06965100469593896,-0.02452448949846619,0.0,1984.6070875418748,0.15607087541874762,0.18723576952697227,2.5122888357606064,-0.814702167000064,1.3,0.5,PREEMPTIVE_BRAKING
2.2800000000000016,0.06909180698702672,-0.027959885445612117,0.0,1953.3603356341764,-0.1563966436582359,-0.17176979735729647,2.511512790838544,-0.8141651281524414,1.3,0.5,PREEMPTIVE_BRAKING
2.3000000000000016,0.06860980059218644,-0.024100319742014164,0.0,1984.7471842382008,0.15747184238200818,0.19297828517989768,2.511031471287718,-0.8144883711372076,1.3,0.5,PREEMPTIVE_BRAKING
2.3200000000000016,0.06805942655735746,-0.027518701741448715,0.0,1953.3764262626403,-0.1562357373735972,-0.1709190999717275,2.5102696318505777,-0.8139703510576118,1.3,0.5,PREEMPTIVE_BRAKING
2.3400000000000016,0.06758318292417372,-0.023812181659187123,0.0,1984.664205654191,0.15664205654190938,0.18532600411307956,2.509766684267176,-0.8143047331935714,1.3,0.5,PREEMPTIVE_BRAKING
2.3600000000000017,0.06703918224532823,-0.027200033942273837,0.0,1953.3193192137746,-0.15680680786225365,-0.16939261415433574,2.509010181278703,-0.8137940945109197,1.3,0.5,PREEMPTIVE_BRAKING
2.3800000000000017,0.06657176406367785,-0.023370909082519434,0.0,1984.6048791463113,0.15604879146311304,0.19145624298772007,2.5085003385174875,-0.8141276494310158,1.3,0.5,PREEMPTIVE_BRAKING
2.4000000000000017,0.0660346406804213,-0.02685616916282785,0.0,1953.179773116489,-0.1582022688351094,-0.17426300401542077,2.507770108231355,-0.813638868430605,1.3,0.5,PREEMPTIVE_BRAKING
2.4200000000000017,0.06557337801849046,-0.02306313309654174,0.0,1984.469213756214,0.15469213756214004,0.18965180331430556,2.507246916558591,-0.8139734191599096,1.3,0.5,PREEMPTIVE_BRAKING
2.4400000000000017,0.06504185189070492,-0.02657630638927678,0.0,1953.0684263261332,-0.1593157367386675,-0.17565866463675192,2.5065278116126417,-0.8134944243189256,1.3,0.5,PREEMPTIVE_BRAKING
2.4600000000000017,0.06458595317298928,-0.022794935885782606,0.0,1984.3914499484154,0.15391449948415356,0.18906852517470857,2.506000588582169,-0.8138247050869902,1.3,0.5,PREEMPTIVE_BRAKING
2.4800000000000018,0.06406070545017598,-0.026262386140665134,0.0,1953.0205546517197,-0.15979445348280252,-0.17337251274412646,2.50528511356624,-0.8133516978861913,1.3,0.5,PREEMPTIVE_BRAKING
2.5000000000000018,0.0636098825373679,-0.022541145640403163,0.0,1984.3346357777787,0.15334635777778657,0.1860620250130986,2.504750277991829,-0.8136816538226362,1.3,0.5,PREEMPTIVE_BRAKING
2.520000000000002,0.0630899891362378,-0.025994670056505697,0.0,1952.9943927245486,-0.1600560727545144,-0.17267622080512662,2.504036014801112,-0.8132134371421589,1.3,0.5,PREEMPTIVE_BRAKING
2.540000000000002,0.0626451368898194,-0.02224261232092005,0.0,1984.3202230468594,0.15320223046859383,0.18760288677928244,2.5035003612638147,-0.8135394519619088,1.3,0.5,PREEMPTIVE_BRAKING
2.560000000000002,0.062131695684107396,-0.02567206028560044,0.0,1952.9677655486387,-0.16032234451361319,-0.1714723982340195,2.502792128943102,-0.8130800134822869,1.3,0.5,PREEMPTIVE_BRAKING
2.580000000000002,0.06169161320846641,-0.02200412378204919,0.0,1984.2687603649792,0.15268760364979245,0.18339682517756253,2.502247283661365,-0.8134071468733567,1.3,0.5,PREEMPTIVE_BRAKING
2.600000000000002,0.06118208131843301,-0.02547659450167001,0.0,1952.9509711693984,-0.16049028830601628,-0.1736235359810409,2.5015387751129152,-0.8129515279687056,1.3,0.5,PREEMPTIVE_BRAKING
2.620000000000002,0.060747675778251346,-0.021720277009083046,0.0,1984.302594905941,0.15302594905941078,0.18781587462934807,2.5010029261117195,-0.8132691733240054,1.3,0.5,PREEMPTIVE_BRAKING
2.640000000000002,0.06024322982399488,-0.025222297712823277,0.0,1952.9636602857304,-0.16036339714269615,-0.1751010351870116,2.5002972254856903,-0.8128210707570851,1.3,0.5,PREEMPTIVE_BRAKING
2.660000000000002,0.05981327697503382,-0.02149764244805294,0.0,1984.318162203692,0.15318162203692054,0.18623276323851684,2.499762318815872,-0.8131348889292846,1.3,0.5,PREEMPTIVE_BRAKING
2.680000000000002,0.059313834334429015,-0.02497213203024037,0.0,1953.0003629407179,-0.15999637059282124,-0.1737244791093715,2.499052141946095,-0.8126892413310957,1.3,0.5,PREEMPTIVE_BRAKING
2.700000000000002,0.058889122086744676,-0.021235612384216805,0.0,1984.3514588524802,0.15351458852480163,0.1868259823011782,2.4985190605169687,-0.812999381653874,1.3,0.5,PREEMPTIVE_BRAKING
2.720000000000002,0.05839377873114946,-0.024767167779760627,0.0,1953.022884536183,-0.1597711546381697,-0.17657776977719108,2.4978094711959535,-0.812559684585482,1.3,0.5,PREEMPTIVE_BRAKING
2.740000000000002,0.057974491728879175,-0.020964350113514347,0.0,1984.401596272158,0.1540159627215803,0.19014088331231407,2.4972839231012007,-0.8128625393533385,1.3,0.5,PREEMPTIVE_BRAKING
2.760000000000002,0.05748505402420058,-0.024471885233929604,0.0,1953.0496988792918,-0.15950301120708218,-0.17537675602076291,2.4965758787772185,-0.8124296200664137,1.3,0.5,PREEMPTIVE_BRAKING
2.780000000000002,0.05707033672999926,-0.02073586471006593,0.0,1984.3959313779187,0.15395931377918715,0.18680102619318373,2.4960446194034858,-0.8127329689959802,1.3,0.5,PREEMPTIVE_BRAKING
2.800000000000002,0.05658705251473278,-0.024164210763323972,0.0,1953.0624929404025,-0.15937507059597464,-0.17141730266290217,2.4953348773007002,-0.8123036939844961,1.3,0.5,PREEMPTIVE_BRAKING
2.820000000000002,0.05617792450600338,-0.020456400436470137,0.0,1984.3707568053853,0.15370756805385327,0.1853905163426917,2.4947953581150113,-0.8126085894479838,1.3,0.5,PREEMPTIVE_BRAKING
2.840000000000002,0.05558923062224435,-0.02943469418795152,0.0,1929.2087580394564,-0.3979124196054363,-0.4489146875740691,2.494092164630802,-0.8121875003472477,1.3,0.5,NOMINAL
2.860000000000002,0.0550950457690737,-0.024709242658532478,0.0,1987.8376553948729,0.18837655394872854,0.23627257647095215,2.491174931346161,-0.8128398311345365,1.3,0.5,PREEMPTIVE_BRAKING
2.880000000000002,0.054625043658236144,-0.023500105541877758,0.0,1973.3208698828016,0.043208698828016166,0.06045685583273591,2.489572576686545,-0.8120095783246252,1.3,0.5,PREEMPTIVE_BRAKING
2.900000000000002,0.054177644097328996,-0.02236997804535732,0.0,1972.982157232249,0.039821572322489375,0.05650637482602194,2.4894899397390975,-0.8118221992616453,1.3,0.5,PREEMPTIVE_BRAKING
2.920000000000002,0.0536779746468837,-0.024983472522264523,0.0,1957.1137698828857,-0.11886230117114337,-0.1306747238453601,2.4894492268245703,-0.8117232498727139,1.3,0.5,PREEMPTIVE_BRAKING
2.940000000000002,0.053271075267620364,-0.020344968963166763,0.0,1988.2380584706216,0.1923805847062158,0.23192517795488793,2.4892014125153454,-0.8119204636125452,1.3,0.5,PREEMPTIVE_BRAKING
2.960000000000002,0.052702341909909106,-0.028436667885562768,0.0,1932.800135767576,-0.36199864232424034,-0.4045849461198001,2.4882354074253965,-0.8114374392087357,1.3,0.5,NOMINAL
2.980000000000002,0.052235541964112515,-0.02333999728982956,0.0,1989.9293265493686,0.20929326549368624,0.2548335297866603,2.4855402835870906,-0.8121205306951302,1.3,0.5,PREEMPTIVE_BRAKING
3.000000000000002,0.05179735969808761,-0.021909113301245457,0.0,1974.4314100602758,0.05431410060275766,0.07154419942920524,2.4838913432500127,-0.8113456759333405,1.3,0.5,PREEMPTIVE_BRAKING
3.0200000000000022,0.051207351170264426,-0.02950042639115932,0.0,1935.002592108033,-0.33997407891966985,-0.3795656544956932,2.483830034696444,-0.8112363510864142,1.3,0.5,NOMINAL
3.0400000000000023,0.05072951698858972,-0.023891709083735387,0.0,1992.319883409004,0.23319883409003977,0.2804358653711967,2.481742257859516,-0.811814142046766,1.3,0.5,PREEMPTIVE_BRAKING
3.0600000000000023,0.050224040104625424,-0.025273844198214872,0.0,1961.718987403813,-0.07281012596187111,-0.06910675572397423,2.4797290986882077,-0.8109399686773971,1.3,0.5,PREEMPTIVE_BRAKING
3.0800000000000023,0.04982983869010881,-0.019710070725830583,0.0,1992.2572113578437,0.23257211357843743,0.27818867361921445,2.479645344748139,-0.8110544855048448,1.3,0.5,PREEMPTIVE_BRAKING
3.1000000000000023,0.04928951676005205,-0.027016096502838045,0.0,1936.4913692798043,-0.32508630720195697,-0.3653012888503732,2.478458600058326,-0.8105441345494191,1.3,0.5,NOMINAL
3.1200000000000023,0.04875322491276433,-0.026814592364386103,0.0,1968.7171206818505,-0.002828793181495257,0.010075206922597182,2.4759532684474146,-0.8112659659512281,1.3,0.5,NOMINAL
3.1400000000000023,0.048158037449823186,-0.02975937314705688,0.0,1955.309693718977,-0.13690306281022913,-0.1472390391335388,2.4759622473958336,-0.8109549536004094,1.3,0.5,NOMINAL
3.1600000000000024,0.04762789345337937,-0.026507199822190707,0.0,1981.7018165671927,0.12701816567192736,0.1626086662433086,2.475996791948056,-0.810929527454737,1.3,0.5,PREEMPTIVE_BRAKING
3.1800000000000024,0.04716184331761333,-0.02330250678830207,0.0,1981.9814724462549,0.12981472446254883,0.16023465169443174,2.4752396827962997,-0.8102962249033648,1.3,0.5,PREEMPTIVE_BRAKING
3.2000000000000024,0.046576064468056136,-0.0292889424778598,0.0,1942.27860746498,-0.2672139253501996,-0.2993217844778863,2.474825345845528,-0.8099573182763803,1.3,0.5,NOMINAL
3.2200000000000024,0.046022341951460335,-0.027686125829790194,0.0,1974.5998118475045,0.055998118475044975,0.08014083240348022,2.4734005271180153,-0.8105027432757944,1.3,0.5,NOMINAL
3.2400000000000024,0.04543362221520196,-0.02943598681291878,0.0,1960.5584381514207,-0.0844156184857934,-0.08749304915642933,2.47316118119908,-0.8100464749981178,1.3,0.5,NOMINAL
3.2600000000000025,0.04492587569330701,-0.025387326094747475,0.0,1985.712600091713,0.16712600091713056,0.2024330359085653,2.473193602093305,-0.8100050160712562,1.3,0.5,PREEMPTIVE_BRAKING
3.2800000000000025,0.04431807818010391,-0.03038987566015527,0.0,1946.5412087558343,-0.22458791244165696,-0.2501274782703897,2.472283379242931,-0.8094010891783666,1.3,0.5,NOMINAL
3.3000000000000025,0.043760929297780915,-0.027857444116149585,0.0,1978.7100548804249,0.09710054880424877,0.12662157720028433,2.4713884418656065,-0.8098317887991482,1.3,0.5,NOMINAL
3.3200000000000025,0.04318306669586108,-0.028893130095991603,0.0,1964.0950888834175,-0.04904911116582525,-0.05178429899210093,2.4709219121631434,-0.809293058922464,1.3,0.5,NOMINAL
3.3400000000000025,0.04259215439170003,-0.02954561520805285,0.0,1965.0322891107348,-0.03967710889265163,-0.03262425560306241,2.4709397094814425,-0.8092524496701669,1.3,0.5,NOMINAL
3.3600000000000025,0.0419930273610116,-0.02995635153442161,0.0,1966.1664756219043,-0.02833524378095717,-0.020536816318437928,2.470981926802423,-0.8091321995846809,1.3,0.5,NOMINAL
3.3800000000000026,0.04139011064579562,-0.030145835760798892,0.0,1967.318979723521,-0.01681020276479103,-0.009474211318864164,2.47102510484624,-0.8089576222165258,1.3,0.5,NOMINAL
3.4000000000000026,0.04078951765651077,-0.030029649464242546,0.0,1968.3739261291996,-0.0062607387080038275,0.005809314827817275,2.4710551160555307,-0.8087502722257003,1.3,0.5,NOMINAL
3.4200000000000026,0.04019546192585418,-0.029702786532829425,0.0,1969.2061705059425,0.0020617050594250942,0.016343146570655966,2.471066309190817,-0.8085402465886431,1.3,0.5,NOMINAL
3.4400000000000026,0.0396103657514094,-0.029254808722238772,0.0,1969.774847464409,0.007748474644090493,0.02239889052953262,2.471062942531242,-0.8083471206148929,1.3,0.5,NOMINAL
3.4600000000000026,0.03903460783238814,-0.028787895951063056,0.0,1970.0958073419338,0.010958073419337779,0.02334563855878587,2.471052051750996,-0.8081806611459348,1.3,0.5,NOMINAL
3.4800000000000026,0.03846968855960359,-0.028245963639227656,0.0,1970.231469374834,0.012314693748339777,0.027096615591770044,2.471038966145903,-0.8080397422160199,1.3,0.5,NOMINAL
3.5000000000000027,0.03791453390814456,-0.027757732572951305,0.0,1970.1969232362303,0.011969232362303047,0.024411553313817634,2.4710274046546825,-0.8079297567483976,1.3,0.5,NOMINAL
3.5200000000000027,0.0373689750666576,-0.027277942074347767,0.0,1970.0677801238703,0.010677801238703068,0.023989524930176927,2.4710183972700914,-0.8078425362842471,1.3,0.5,NOMINAL
3.5400000000000027,0.0368306753935762,-0.02691498365407011,0.0,1969.8742341389232,0.00874234138923157,0.018147921013882896,2.471012164444221,-0.8077757357274971,1.3,0.5,NOMINAL
3.5600000000000027,0.03630001618255091,-0.026532960551264563,0.0,1969.6925593507497,0.006925593507496615,0.019101155140277444,2.4710075705744132,-0.807716440569588,1.3,0.5,NOMINAL
3.5800000000000027,0.035775186938073016,-0.02624146222389476,0.0,1969.5076636229985,0.00507663622998507,0.014574916368490128,2.4710044878056827,-0.80766690375037,1.3,0.5,NOMINAL
3.6000000000000028,0.035255264180092956,-0.02599613789900309,0.0,1969.3645901237653,0.0036459012376531064,0.012266216244583536,2.4710022368447313,-0.8076182452774918,1.3,0.5,NOMINAL
3.6200000000000028,0.03474183891773847,-0.025671263117724115,0.0,1969.272784533435,0.0027278453343501496,0.016243739063948697,2.471000507140965,-0.8075668613234834,1.3,0.5,NOMINAL
3.640000000000003,0.03423416118351651,-0.025383886711098425,0.0,1969.1751871880276,0.0017518718802762123,0.014368820331284442,2.470999350400492,-0.8075214834040936,1.3,0.5,NOMINAL
3.660000000000003,0.033731523415822307,-0.02513188838470992,0.0,1969.0909489227613,0.000909489227612994,0.012599916319425183,2.47099864011425,-0.8074786225991961,1.3,0.5,NOMINAL
3.680000000000003,0.033231579900365,-0.024997175772865077,0.0,1969.032587693397,0.00032587693397090334,0.006735630592242225,2.470998263433919,-0.8074353587619524,1.3,0.5,NOMINAL
3.700000000000003,0.03273521934925316,-0.024818027555592134,0.0,1969.0506790863517,0.0005067908635169261,0.008957410863647097,2.4709980932048485,-0.8073814080484343,1.3,0.5,NOMINAL
3.720000000000003,0.03224165962736973,-0.024677986094171205,0.0,1969.0990177037488,0.000990177037488138,0.007002073071046503,2.4709978002906636,-0.8073222850438564,1.3,0.5,NOMINAL
3.740000000000003,0.031752134427369974,-0.02447625999998785,0.0,1969.1874990607932,0.0018749906079324318,0.010086304709167724,2.470997144113543,-0.8072550975218963,1.3,0.5,NOMINAL
3.760000000000003,0.031268580731753016,-0.0241776847808478,0.0,1969.2720160265483,0.0027201602654827184,0.014928760957002504,2.470995860406418,-0.8071862328446278,1.3,0.5,NOMINAL
3.780000000000003,0.0307917139849163,-0.023843337341835913,0.0,1969.3035067568878,0.003035067568878276,0.016717371950594348,2.470994178634981,-0.8071245424039074,1.3,0.5,NOMINAL
3.800000000000003,0.03031985694806442,-0.023592851842593895,0.0,1969.2781823267148,0.002781823267148411,0.012524274962100809,2.470992585273184,-0.8070726427381286,1.3,0.5,NOMINAL
3.820000000000003,0.02985334077414718,-0.023325808695862052,0.0,1969.254019166652,0.002540191666519149,0.013352157336592233,2.470991158923192,-0.8070224898281201,1.3,0.5,NOMINAL
3.840000000000003,0.029392185854653557,-0.023057745974681035,0.0,1969.2209826819662,0.0022098268196623395,0.013403136059050861,2.470989931444808,-0.806975723051022,1.3,0.5,NOMINAL
3.860000000000003,0.028935718750673918,-0.022823355198981925,0.0,1969.179862711598,0.0017986271159793432,0.01171953878495555,2.4709889331046258,-0.8069324713546059,1.3,0.5,NOMINAL
3.880000000000003,0.028482774947233894,-0.022647190172001137,0.0,1969.148840673144,0.001488406731439227,0.008808251349039344,2.4709881246474033,-0.8068899115010171,1.3,0.5,NOMINAL
3.900000000000003,0.028033937308865123,-0.022441881918438534,0.0,1969.1532949738705,0.001532949738705156,0.010265412678130168,2.470987386341902,-0.8068434486691966,1.3,0.5,NOMINAL
3.920000000000003,0.027588381161554574,-0.02227780736552752,0.0,1969.1668760532652,0.0016687605326524135,0.00820372764555069,2.4709866052831817,-0.8067961942286722,1.3,0.5,NOMINAL
3.940000000000003,0.027147114652840344,-0.02206332543571145,0.0,1969.2067640549235,0.002067640549234966,0.010724096490803553,2.470985675893412,-0.8067450391493493,1.3,0.5,NOMINAL
3.960000000000003,0.026711104401875737,-0.02180051254823038,0.0,1969.2386129745018,0.0023861297450184795,0.013140644374053576,2.4709845312143135,-0.8066946439087721,1.3,0.5,NOMINAL
3.980000000000003,0.026280010607437107,-0.02155468972193153,0.0,1969.2391804874592,0.0023918048745917987,0.012291141314942442,2.470983323551604,-0.8066489938845569,1.3,0.5,NOMINAL
4.000000000000003,0.02585403836591783,-0.021298612075963907,0.0,1969.2251546025411,0.002251546025411244,0.012803882298381156,2.470982184387826,-0.8066064631619819,1.3,0.5,NOMINAL
4.020000000000002,0.02543331151842448,-0.021036342374667467,0.0,1969.1944544925434,0.0019445449254340019,0.013113485064822046,2.4709811999391853,-0.8065678230571154,1.3,0.5,NOMINAL
4.040000000000002,0.0250173009214596,-0.02080052984824414,0.0,1969.147636689601,0.0014763668960108588,0.011790626321166352,2.47098043600737,-0.8065334791909936,1.3,0.5,NOMINAL
4.060000000000001,0.024604637976469997,-0.020633147249480063,0.0,1969.1016549762,0.0010165497620005226,0.008369129938203776,2.4709798862009524,-0.806501289299725,1.3,0.5,NOMINAL
4.080000000000001,0.02419613909549643,-0.02042494404867843,0.0,1969.0898458881982,0.0008984588819816963,0.010410160040081572,2.4709794680482315,-0.8064661328151056,1.3,0.5,NOMINAL
4.1000000000000005,0.023790697140577292,-0.020272097745956837,0.0,1969.0803598961843,0.0008035989618429085,0.00764231513607966,2.470979102400304,-0.8064317083368974,1.3,0.5,NOMINAL
4.12,0.02338777516797885,-0.020146098629922095,0.0,1969.099582392428,0.0009958239242791934,0.0062999558017370425,2.4709787405826202,-0.8063940133898303,1.3,0.5,NOMINAL
4.14,0.022987286655111638,-0.020024425643360624,0.0,1969.1517723246902,0.0015177232469022783,0.006083649328073558,2.4709782306690586,-0.8063515484169033,1.3,0.5,NOMINAL
4.159999999999999,0.022590965455472976,-0.01981605998193315,0.0,1969.2285996182582,0.0022859961825815846,0.010418283071373616,2.4709773629597307,-0.8063045377749449,1.3,0.5,NOMINAL
4.179999999999999,0.022200166908335383,-0.01953992735687962,0.0,1969.277990296064,0.0027799029606399017,0.013806631252676466,2.470976108842084,-0.8062597777595788,1.3,0.5,NOMINAL
4.199999999999998,0.021813313898200477,-0.019342650506745288,0.0,1969.2726729813216,0.0027267298132164796,0.009863842506716635,2.470974811244944,-0.8062220196205968,1.3,0.5,NOMINAL
4.219999999999998,0.021430711692718134,-0.019130110274117058,0.0,1969.2677424697783,0.002677424697783408,0.010627011631411564,2.4709735524049905,-0.8061850532271218,1.3,0.5,NOMINAL
4.2399999999999975,0.02105235273232767,-0.01891794801952311,0.0,1969.254324149522,0.0025432414952206274,0.010608112729697453,2.470972371583219,-0.8061500966905629,1.3,0.5,NOMINAL
4.259999999999997,0.0206785234451389,-0.018691464359438536,0.0,1969.2340789104226,0.002340789104225678,0.011324183004228721,2.470971303080303,-0.8061171417541708,1.3,0.5,NOMINAL
4.279999999999997,0.0203093802926335,-0.018457157625269897,0.0,1969.2006995950908,0.002006995950907822,0.01171533670843191,2.4709704006863467,-0.8060872228767001,1.3,0.5,NOMINAL
4.299999999999996,0.019941986672512957,-0.018369681006027077,0.0,1969.153001685683,0.0015300168568296612,0.004373830962140908,2.4709697106475157,-0.8060608328877196,1.3,0.5,NOMINAL
4.319999999999996,0.019577905794189297,-0.018204043916182952,0.0,1969.1687265726966,0.001687265726966416,0.00828185449220633,2.470969046076058,-0.8060278749503119,1.3,0.5,NOMINAL
4.339999999999995,0.019216968491029204,-0.018046865158004667,0.0,1969.188674943539,0.0018867494353889925,0.007858937908914315,2.4709682964120576,-0.8059944816988207,1.3,0.5,NOMINAL
4.359999999999995,0.018858623633755553,-0.01791724286368255,0.0,1969.2150393430013,0.0021503934300130824,0.00648111471610591,2.470967428912585,-0.8059602481654187,1.3,0.5,NOMINAL
4.379999999999995,0.01850318682485745,-0.01777184044490517,0.0,1969.2591050167723,0.002591050167723097,0.007270120938868956,2.4709663586078574,-0.8059235284571231,1.3,0.5,NOMINAL
4.399999999999994,0.018150915976400547,-0.017613542422845102,0.0,1969.3068833602663,0.003068833602662835,0.007914901103003412,2.4709650172748305,-0.8058856637114004,1.3,0.5,NOMINAL
4.419999999999994,0.017801633717867065,-0.017464112926674165,0.0,1969.3499685471547,0.0034996854715473092,0.007471474808546804,2.470963408607529,-0.8058476456900034,1.3,0.5,NOMINAL
4.439999999999993,0.01745623800152379,-0.017269785817163777,0.0,1969.3934738251567,0.003934738251566614,0.009716355475519415,2.470961525767595,-0.8058089607255516,1.3,0.5,NOMINAL
4.459999999999993,0.017116043071713705,-0.017009746490504313,0.0,1969.4136941025322,0.004136941025321903,0.013001966332973165,2.4709595189465072,-0.8057726007839939,1.3,0.5,NOMINAL
4.479999999999992,0.016780505863419233,-0.016776860414723642,0.0,1969.383228121047,0.003832281210470683,0.011644303789033547,2.470957762064587,-0.8057426068341217,1.3,0.5,NOMINAL
4.499999999999992,0.016449778743129913,-0.01653635601446601,0.0,1969.329765356395,0.003297653563950007,0.012025220012881617,2.4709563477087197,-0.8057168275294404,1.3,0.5,NOMINAL
4.519999999999992,0.016122337298714883,-0.016372072220751585,0.0,1969.2551517167901,0.002551517167901238,0.008214189685721188,2.4709553320923807,-0.8056955682977718,1.3,0.5,NOMINAL
4.539999999999991,0.0157992931895545,-0.01615220545801912,0.0,1969.2032560417151,0.002032560417151217,0.010993338136623412,2.47095452441577,-0.8056739914761444,1.3,0.5,NOMINAL
4.559999999999991,0.015478649288310125,-0.01603219506221875,0.0,1969.138177199825,0.0013817719982489507,0.00600051979001835,2.470953975108172,-0.8056557870146973,1.3,0.5,NOMINAL
4.57999999999999,0.015161776346745518,-0.015843647078230338,0.0,1969.1135124079888,0.0011351240798876461,0.009427399199420688,2.4709535414096084,-0.8056349035759804,1.3,0.5,NOMINAL
4.59999999999999,0.01484809232973928,-0.015684200850311872,0.0,1969.0816913424073,0.000816913424073391,0.007972311395923252,2.4709532136830066,-0.8056159023724063,1.3,0.5,NOMINAL
4.6199999999999894,0.014536354542097462,-0.015586889382090918,0.0,1969.0586973695363,0.000586973695362758,0.004865573411047706,2.470952977461943,-0.805597083190547,1.3,0.5,NOMINAL
4.639999999999989,0.014225441846476774,-0.015545634781034398,0.0,1969.0726570675406,0.0007265706754060375,0.002062730052825976,2.4709527762388888,-0.8055750134303489,1.3,0.5,NOMINAL
4.659999999999989,0.013918822081973592,-0.015330988225159142,0.0,1969.140484671594,0.0014048467159409484,0.010732327793762842,2.4709524561538525,-0.8055469205065564,1.3,0.5,NOMINAL
4.679999999999988,0.013616201967329052,-0.015131005732227042,0.0,1969.1576755184196,0.0015767551841963723,0.009999124646605006,2.470951931012495,-0.8055232611316785,1.3,0.5,NOMINAL
4.699999999999988,0.013318830422748241,-0.014868577229040541,0.0,1969.1457861203419,0.0014578612034188154,0.013121425159325083,2.470951417072602,-0.8055028234491068,1.3,0.5,NOMINAL
4.719999999999987,0.013024370290136608,-0.014723006630581705,0.0,1969.0807853325803,0.0008078533258026255,0.007278529922941818,2.4709510898188674,-0.805488895023784,1.3,0.5,NOMINAL
4.739999999999987,0.012731710584935283,-0.014632985260066263,0.0,1969.0366749325017,0.0003667493250168263,0.004501068525772143,2.47095090093882,-0.805474568285652,1.3,0.5,NOMINAL
4.7599999999999865,0.012441395208887138,-0.014515768802407262,0.0,1969.0346854334307,0.0003468543343069541,0.005860822882950049,2.4709507950470506,-0.8054570824289328,1.3,0.5,NOMINAL
4.779999999999986,0.012154518284497068,-0.014343846219503452,0.0,1969.0479008939215,0.0004790089392145092,0.008596129145190489,2.4709506867943456,-0.805438371383355,1.3,0.5,NOMINAL
4.799999999999986,0.011869460841161512,-0.014252872166777801,0.0,1969.043358415203,0.00043358415203101683,0.004548702636282505,2.470950551268426,-0.8054215694287853,1.3,0.5,NOMINAL
4.819999999999985,0.01158677474975698,-0.01413430457022662,0.0,1969.066659869433,0.0006665986943289681,0.005928379827559042,2.470950409157955,-0.8054023030127433,1.3,0.5,NOMINAL
4.839999999999985,0.011307842646025862,-0.013946605186555933,0.0,1969.094965039952,0.0009496503995205785,0.009384969183534306,2.470950180652905,-0.8053823349314232,1.3,0.5,NOMINAL
4.859999999999984,0.011031537456456237,-0.01381525947848122,0.0,1969.091031986767,0.0009103198676689316,0.006567285403735685,2.4709499016269585,-0.8053653706615634,1.3,0.5,NOMINAL
4.879999999999984,0.01075901279776435,-0.013626232934594322,0.0,1969.0922251144189,0.0009222511441885217,0.00945132719434486,2.4709496296852587,-0.8053482975771952,1.3,0.5,NOMINAL
4.8999999999999835,0.010489003476944612,-0.013500466040986807,0.0,1969.0670214770732,0.0006702147707324002,0.006288344680375781,2.4709493992955576,-0.8053341620473428,1.3,0.5,NOMINAL
4.919999999999983,0.010220887787917597,-0.013405784451350773,0.0,1969.0545366198892,0.0005453661988917702,0.004734079481801705,2.4709492249664478,-0.8053196061481251,1.3,0.5,NOMINAL
4.939999999999983,0.009955859723854646,-0.013251403203147613,0.0,1969.066117930676,0.0006611793067600047,0.007719062410157977,2.4709490638768106,-0.8053032501212991,1.3,0.5,NOMINAL
4.959999999999982,0.009692952284350265,-0.013145371975219056,0.0,1969.0637201869333,0.0006372018693332393,0.005301561396427853,2.4709488837106415,-0.8052883044516078,1.3,0.5,NOMINAL
4.979999999999982,0.009433243042371718,-0.012985462098927317,0.0,1969.0753307073976,0.000753307073975975,0.007995493814586935,2.470948696467269,-0.8052723496304675,1.3,0.5,NOMINAL
4.999999999999981,0.009175557201425957,-0.012884292047288064,0.0,1969.0688229175178,0.0006882291751776393,0.005058502581962691,2.4709484978215297,-0.8052581676282137,1.3,0.5,NOMINAL
5.019999999999981,0.00892093762836838,-0.01273097865287878,0.0,1969.078679020195,0.00078679020195068,0.007665669720464223,2.4709482998100447,-0.8052428529201356,1.3,0.5,NOMINAL
5.0399999999999805,0.008668818590917012,-0.012605951872568471,0.0,1969.0729724543708,0.0007297245437075617,0.006251339015515402,2.470948094093615,-0.8052290681481599,1.3,0.5,NOMINAL
5.05999999999998,0.00841789154404505,-0.012546352343598072,0.0,1969.0699728076322,0.000699728076322117,0.0029799764485199413,2.470947903161124,-0.8052154146246926,1.3,0.5,NOMINAL
5.07999999999998,0.008167928368660336,-0.012498158769235672,0.0,1969.1014907903334,0.001014907903334006,0.0024096787181199734,2.470947679794396,-0.8051989254121291,1.3,0.5,NOMINAL
5.099999999999979,0.007921121685842428,-0.012340334140895472,0.0,1969.162666590758,0.0016266659075790813,0.007891231417010005,2.4709472927346114,-0.8051793937140274,1.3,0.5,NOMINAL
5.119999999999979,0.0076770786751107906,-0.012202150536581842,0.0,1969.1886330574298,0.0018863305742979719,0.006909180215681513,2.470946739656222,-0.8051621051618362,1.3,0.5,NOMINAL
5.139999999999978,0.007436406201426794,-0.012033623684199805,0.0,1969.1991363521217,0.0019913635212174085,0.008426342619101834,2.470946135672589,-0.8051459670537496,1.3,0.5,NOMINAL
5.159999999999978,0.007198294489429268,-0.011905585599876301,0.0,1969.182691362561,0.0018269136256094498,0.006401904216175195,2.4709455897226498,-0.8051322800085162,1.3,0.5,NOMINAL
5.1799999999999775,0.006962777899867347,-0.01177582947809605,0.0,1969.1671085836856,0.0016710858368560366,0.006487806089012565,2.4709451017305026,-0.8051190881072636,1.3,0.5,NOMINAL
5.199999999999977,0.006730159343146015,-0.0116309278360666,0.0,1969.1506069207633,0.001506069207632663,0.00724508210147245,2.4709446718146055,-0.8051065186406541,1.3,0.5,NOMINAL
5.219999999999977,0.006501547614072824,-0.011430586453659571,0.0,1969.125105707528,0.0012510570752806416,0.010017069120351479,2.4709443212188518,-0.8050952676615429,1.3,0.5,NOMINAL
5.239999999999976,0.0062748256634119004,-0.011336097533046168,0.0,1969.0643901377148,0.0006439013771478131,0.0047244460306701316,2.470944122944192,-0.8050876937831181,1.3,0.5,NOMINAL
5.259999999999976,0.0060478425193504805,-0.011349157203071012,0.0,1969.0318135938176,0.00031813593817560105,-0.0006529835012421652,2.470944005142114,-0.8050790641861825,1.3,0.5,NOMINAL
5.279999999999975,0.00582242458180692,-0.011270896877178012,0.0,1969.0731222578559,0.0007312225785585724,0.003913016294649973,2.470943909963337,-0.8050651160911856,1.3,0.5,NOMINAL
5.299999999999975,0.005599216431246772,-0.011160407528007388,0.0,1969.1197988260508,0.0011979882605078274,0.005524467458531194,2.470943674295332,-0.805050208702257,1.3,0.5,NOMINAL
5.3199999999999745,0.005378691317136113,-0.011026255705532964,0.0,1969.1534541347712,0.0015345413477120928,0.006707591123721183,2.4709432970321434,-0.805035753217739,1.3,0.5,NOMINAL
5.339999999999974,0.005161267045312818,-0.010871213591164736,0.0,1969.1654067456786,0.0016540674567863789,0.0077521057184114185,2.470942856292835,-0.8050226779971812,1.3,0.5,NOMINAL
5.359999999999974,0.004947539743718447,-0.010686365079718551,0.0,1969.1508687830076,0.0015086878300758144,0.009242425572309233,2.4709424547306784,-0.80501172927021,1.3,0.5,NOMINAL
5.379999999999973,0.004735600960608177,-0.010596939155513518,0.0,1969.1018507636768,0.0010185076367679358,0.00447129621025163,2.4709421920655474,-0.8050039618008731,1.3,0.5,NOMINAL
5.399999999999973,0.004526422695454335,-0.010458913257692066,0.0,1969.076262823826,0.0007626282382602767,0.006901294891072605,2.4709419936217882,-0.8049953784521974,1.3,0.5,NOMINAL
5.419999999999972,0.004319712522633321,-0.010335508641050713,0.0,1969.0419191835865,0.0004191918358651492,0.006170230832067633,2.4709418658441824,-0.8049880810221569,1.3,0.5,NOMINAL
5.439999999999972,0.004114108717427186,-0.010280190260306752,0.0,1969.0081787589963,8.17875899633691e-05,0.0027659190371980124,2.470941801491991,-0.8049814739715794,1.3,0.5,NOMINAL
5.4599999999999715,0.003909325367709836,-0.01023916748586754,0.0,1969.0088431576612,8.843157661203805e-05,0.0020511387219606008,2.4709417851684576,-0.8049729857319825,1.3,0.5,NOMINAL
5.479999999999971,0.003706787927052436,-0.01012687203286998,0.0,1969.040576925099,0.0004057692509900335,0.0056147726498779645,2.4709417628045123,-0.8049623370827397,1.3,0.5,NOMINAL
5.499999999999971,0.0035062254347124114,-0.01002812461700123,0.0,1969.0576233627,0.0005762336270004198,0.004937370793437449,2.4709416666128763,-0.8049524370221539,1.3,0.5,NOMINAL
5.51999999999997,0.003306909558497121,-0.009965793810764513,0.0,1969.0707057987415,0.0007070579874152827,0.003116540311835855,2.470941531414287,-0.8049427269565589,1.3,0.5,NOMINAL
5.53999999999997,0.003108460070901764,-0.009922474379767851,0.0,1969.0990233469686,0.0009902334696857906,0.002165971549833124,2.4709413442640726,-0.8049318737627313,1.3,0.5,NOMINAL
5.559999999999969,0.002911728449659743,-0.009836581062101045,0.0,1969.1473529385723,0.0014735293857233956,0.004294665883340345,2.4709410382427075,-0.8049193077515097,1.3,0.5,NOMINAL
5.579999999999969,0.002716597737543502,-0.009756535605812076,0.0,1969.1878310244306,0.0018783102443057941,0.004002272814448421,2.470940578937426,-0.8049067242494435,1.3,0.5,NOMINAL
5.599999999999969,0.002525050070743465,-0.009577383340001832,0.0,1969.2253500450843,0.0022535004508426938,0.008957613290512187,2.470939977785017,-0.8048939021330479,1.3,0.5,NOMINAL
5.619999999999968,0.002336920774288321,-0.009406464822757197,0.0,1969.2100158983521,0.0021001589835213962,0.008545925862231768,2.470939439339745,-0.8048844039276,1.3,0.5,NOMINAL
5.639999999999968,0.0021503647695011842,-0.009327800239356851,0.0,1969.160961446858,0.0016096144685798209,0.003933229170017289,2.470939079045851,-0.804877658505755,1.3,0.5,NOMINAL
5.659999999999967,0.001967172219769708,-0.009159627486573802,0.0,1969.134328899721,0.0013432889972091288,0.008408637639152408,2.4709387720320533,-0.8048702557594037,1.3,0.5,NOMINAL
5.679999999999967,0.0017855413653744114,-0.009081542719764845,0.0,1969.077495853699,0.0007749585369901979,0.003904238340447892,2.470938603687947,-0.8048654482462223,1.3,0.5,NOMINAL
5.699999999999966,0.001604581317939397,-0.009048002371750716,0.0,1969.0444615458716,0.00044461545871627095,0.0016770174007063703,2.4709384920784916,-0.8048599979017296,1.3,0.5,NOMINAL
5.719999999999966,0.0014239626146631912,-0.009030935163810289,0.0,1969.0503323930861,0.0005033239308613702,0.0008533603970214305,2.470938403792446,-0.8048525736887608,1.3,0.5,NOMINAL
5.739999999999966,0.0012435339396676538,-0.009021433749776864,0.0,1969.091640096365,0.0009164009636492664,0.00047507070167118835,2.4709382720046578,-0.8048428779813582,1.3,0.5,NOMINAL
5.759999999999965,0.0010663543328913875,-0.008858980338813313,0.0,1969.1615127611874,0.0016151276118739589,0.008122670548177531,2.470937972828144,-0.8048308776287457,1.3,0.5,NOMINAL
5.779999999999965,0.0008913505234599043,-0.008750190471574158,0.0,1969.1735872268816,0.0017358722688163653,0.005439493361957774,2.470937570506266,-0.8048217715918274,1.3,0.5,NOMINAL
5.799999999999964,0.0007186874094269147,-0.008633155701649478,0.0,1969.1716564936678,0.001716564936677969,0.005851738496233964,2.470937176072188,-0.8048135414445999,1.3,0.5,NOMINAL
5.819999999999964,0.0005495588772814164,-0.008456426607274916,0.0,1969.1551796725562,0.0015517967255618715,0.008836454718728135,2.4709368343554394,-0.8048064039108548,1.3,0.5,NOMINAL
5.839999999999963,0.00038167745279021534,-0.008394071224560052,0.0,1969.097584598515,0.0009758459851491353,0.0031177691357431297,2.4709366507244894,-0.8048022080272437,1.3,0.5,NOMINAL
5.859999999999963,0.00021583052077612646,-0.008292346600704444,0.0,1969.0684468885509,0.0006844688855085223,0.005086231192780417,2.4709365091059277,-0.804797133305284,1.3,0.5,NOMINAL
5.879999999999963,5.134192261958167e-05,-0.008224429907827239,0.0,1969.0389018063788,0.0003890180637881713,0.003395834643860231,2.4709364189729017,-0.8047925835691704,1.3,0.5,NOMINAL
5.899999999999962,-0.00010906337325975376,-0.008020264793966772,0.0,1969.0257403911344,0.00025740391134377206,0.010208255693023378,2.4709363614617033,-0.8047875369730771,1.3,0.5,NOMINAL
5.919999999999962,-0.00026872389138485174,-0.007983025906254899,0.0,1968.954589915106,-0.00045410084894001554,0.0018619443855936405,2.4709363515971283,-0.8047862429975001,1.3,0.5,NOMINAL
5.939999999999961,-0.0004268155937998627,-0.007904585120750549,0.0,1968.9267688911568,-0.000732311088431743,0.003922039275217481,2.470936390642779,-0.8047833831858353,1.3,0.5,NOMINAL
5.959999999999961,-0.0005833989367365739,-0.00782916714683556,0.0,1968.908206985996,-0.0009179301400399709,0.003770898695749433,2.4709364564581735,-0.8047804298193802,1.3,0.5,NOMINAL
5.9799999999999605,-0.0007402263222586491,-0.007841369276103759,0.0,1968.897324959232,-0.0010267504076796287,-0.0006101064634098678,2.470936543219064,-0.8047773590771226,1.3,0.5,NOMINAL
5.99999999999996,-0.0008949261156087535,-0.007734989667505216,0.0,1968.936035161425,-0.0006396483857497515,0.005318980429927119,2.4709367242523275,-0.8047716928015747,1.3,0.5,NOMINAL
6.01999999999996,-0.001047642641476642,-0.007635826293394435,0.0,1968.9493050881365,-0.0005069491186350206,0.004958168705539095,2.4709368164885173,-0.8047670920860065,1.3,0.5,NOMINAL
6.039999999999959,-0.0012002528079032996,-0.007630508321332873,0.0,1968.947953244057,-0.0005204675594291075,0.00026589860307809753,2.4709368781050225,-0.8047632493793848,1.3,0.5,NOMINAL
6.059999999999959,-0.00135079237838598,-0.007526978524134019,0.0,1968.9836244411565,-0.000163755588434924,0.005176489859942665,2.47093697426965,-0.804757467304131,1.3,0.5,NOMINAL
6.079999999999958,-0.0015008763095078741,-0.007504196556094709,0.0,1968.9953205604359,-4.67943956414274e-05,0.0011390984019655423,2.470936999508337,-0.8047526798297497,1.3,0.5,NOMINAL
6.099999999999958,-0.0016480621913193328,-0.007359294090572938,0.0,1969.0308114688326,0.00030811468832553146,0.00724512327608856,2.4709370088170615,-0.8047465575967996,1.3,0.5,NOMINAL
6.1199999999999575,-0.0017938799703380995,-0.007290888950938337,0.0,1969.0208241414318,0.00020824141431830868,0.003420256981730023,2.4709369687094145,-0.8047425810887354,1.3,0.5,NOMINAL
6.139999999999957,-0.00201807849413796,-0.011209926189993034,0.0,1951.751001206624,-0.17248998793375903,-0.1959518619527348,2.470937241681135,-0.8047821881523087,1.3,0.5,FINE_TUNING
6.159999999999957,-0.0021656356358348587,-0.0073778570848449364,0.0,1985.4917393548362,0.16491739354836227,0.19160345525740485,2.4705474191001873,-0.8048454008822054,1.3,0.5,NOMINAL
6.179999999999956,-0.0023054599426798905,-0.006991215342251588,0.0,1970.1868222389603,0.011868222389603033,0.019332087129667434,2.4696043644839536,-0.8046565164075149,1.3,0.5,NOMINAL
6.199999999999956,-0.0024411964263504476,-0.006786824183527849,0.0,1969.815282365004,0.008152823650038953,0.010219557936186955,2.469605275667902,-0.804658971318164,1.3,0.5,NOMINAL
6.219999999999955,-0.0026483321992505143,-0.010356788645003338,0.0,1953.1343523652602,-0.15865647634739843,-0.17849822307377447,2.469606434780879,-0.8046633463005902,1.3,0.5,FINE_TUNING
6.239999999999955,-0.002775117291375751,-0.006339254606261834,0.0,1986.1088627309264,0.17108862730926375,0.20087670193707519,2.4691499884492085,-0.8047487477102168,1.3,0.5,NOMINAL
6.2599999999999545,-0.0029608840136230836,-0.009288336112366633,0.0,1955.2551772461973,-0.13744822753802738,-0.14745407530523996,2.468299479822609,-0.8045836681826901,1.3,0.5,NOMINAL
6.279999999999954,-0.0030645565027300433,-0.00518362445534799,0.0,1986.1900793497764,0.17190079349776397,0.20523558285093216,2.467846055632776,-0.8046854460762889,1.3,0.5,NOMINAL
6.299999999999954,-0.0032402750166746048,-0.008785925697228079,0.0,1953.283157275049,-0.15716842724950994,-0.1801150620940045,2.467148696559849,-0.8045526173040859,1.3,0.5,FINE_TUNING
6.319999999999953,-0.003336531381980531,-0.004812818265296325,0.0,1985.696693122684,0.1669669312268411,0.19865537159658772,2.466502120435682,-0.8046724973109394,1.3,0.5,NOMINAL
6.339999999999953,-0.0035074733355084007,-0.008547097676393466,0.0,1952.5559350517829,-0.16444064948217146,-0.18671397055485703,2.4658475125221186,-0.8045511895546621,1.3,0.5,FINE_TUNING
6.359999999999952,-0.0036099982377787872,-0.005126245113519336,0.0,1983.775703092688,0.14775703092687992,0.17104262814370647,2.4651516788417873,-0.8046672781103744,1.3,0.5,FINE_TUNING
6.379999999999952,-0.0037880816251449753,-0.008904169368309392,0.0,1952.3970112211061,-0.1660298877889386,-0.18889621273950277,2.464589574134097,-0.8045552030193254,1.3,0.5,FINE_TUNING
6.3999999999999515,-0.0038973389430358102,-0.00546286589454174,0.0,1983.9615134701694,0.14961513470169394,0.17206517368838256,2.4639544800750577,-0.8046576177541989,1.3,0.5,FINE_TUNING
6.419999999999951,-0.004079312626892844,-0.009098684192851675,0.0,1952.812193649639,-0.16187806350360914,-0.1817909149154967,2.4633290255075564,-0.8045346017329237,1.3,0.5,FINE_TUNING
6.439999999999951,-0.004189512524739367,-0.005509994892326165,0.0,1984.4445219834931,0.1544452198349313,0.1794344650262755,2.4627503843665894,-0.8046316654884353,1.3,0.5,FINE_TUNING
6.45999999999995,-0.004371087348020145,-0.009078741164038897,0.0,1953.245863466967,-0.15754136533033034,-0.17843731358563658,2.4620874790011125,-0.8045032166465819,1.3,0.5,FINE_TUNING
6.47999999999995,-0.00447021199868019,-0.004956232533002222,0.0,1986.3832874966151,0.1738328749661514,0.20612543155183374,2.4615335875479607,-0.8046001148479681,1.3,0.5,NOMINAL
6.499999999999949,-0.0046421856443734505,-0.008598682284663033,0.0,1953.1917140473995,-0.15808285952600498,-0.18212248758304056,2.4607597981595264,-0.8044657432185234,1.3,0.5,FINE_TUNING
6.519999999999949,-0.0047402854754897035,-0.00490499155581264,0.0,1984.5057626769026,0.15505762676902576,0.18468453644251964,2.460149267526469,-0.804570321817754,1.3,0.5,FINE_TUNING
6.5399999999999485,-0.004910710219432997,-0.00852123719716471,0.0,1953.012926417603,-0.15987073582396988,-0.18081228206760355,2.4595440331493212,-0.8044560602255818,1.3,0.5,FINE_TUNING
6.559999999999948,-0.005007516183769989,-0.00484029821684957,0.0,1984.3900162955008,0.153900162955008,0.18404694901575702,2.458929233245848,-0.8045574965964104,1.3,0.5,FINE_TUNING
6.579999999999948,-0.005176845738245084,-0.008466477723754758,0.0,1952.949609070645,-0.1605039092935499,-0.18130897534525933,2.4583253592745247,-0.8044449245119114,1.3,0.5,FINE_TUNING
6.599999999999947,-0.005274448843122903,-0.004880155243890965,0.0,1984.3698813561653,0.15369881356165252,0.17931612399318964,2.4577135511430983,-0.8045436158352928,1.3,0.5,FINE_TUNING
6.619999999999947,-0.005444268442026462,-0.008490979945177918,0.0,1953.0224070561871,-0.15977592943812852,-0.1805412350643476,2.457093238438938,-0.8044294665404274,1.3,0.5,FINE_TUNING
6.639999999999946,-0.005542003136971591,-0.0048867347472564965,0.0,1984.4978645366916,0.15497864536691622,0.18021225989607104,2.456500531157157,-0.8045246353663557,1.3,0.5,FINE_TUNING
6.659999999999946,-0.005713050639355862,-0.008552375119213536,0.0,1953.177385735172,-0.1582261426482796,-0.18328201859785195,2.4558627710506014,-0.8044088045640618,1.3,0.5,FINE_TUNING
6.6799999999999455,-0.005810318316623987,-0.004863383863406221,0.0,1984.70829125771,0.15708291257710016,0.18444956279036573,2.455296997635908,-0.8045002261469255,1.3,0.5,FINE_TUNING
6.699999999999945,-0.005978417934870529,-0.008404980912327123,0.0,1953.3708095406023,-0.15629190459397704,-0.17707985244604507,2.4546425656137223,-0.8043829074147373,1.3,0.5,FINE_TUNING
6.719999999999945,-0.006071657474405792,-0.0046619769767631495,0.0,1984.8075772018547,0.15807577201854656,0.1871501967781987,2.4540751982839235,-0.804475651259457,1.3,0.5,FINE_TUNING
6.739999999999944,-0.006238303824988887,-0.008332317529154766,0.0,1953.3679156599894,-0.1563208434001058,-0.1835170276195808,2.453433555839299,-0.8043621204079718,1.3,0.5,FINE_TUNING
6.759999999999944,-0.006330648632785673,-0.004617240389839326,0.0,1984.8179010872132,0.1581790108721316,0.185753856965772,2.452868615979271,-0.8044530953513516,1.3,0.5,FINE_TUNING
6.779999999999943,-0.006492842530674053,-0.00810969489441898,0.0,1953.4058746308249,-0.15594125369175116,-0.17462272522898276,2.452220999678327,-0.8043400138228123,1.3,0.5,FINE_TUNING
6.799999999999943,-0.006580054050230235,-0.004360575977809113,0.0,1984.7571535435354,0.15757153543535424,0.18745594583049338,2.4516387163744557,-0.8044328955432513,1.3,0.5,FINE_TUNING
6.8199999999999426,-0.006740751082598885,-0.008034851618432485,0.0,1953.2526846050866,-0.15747315394913358,-0.1837137820311686,2.451017994436386,-0.8043259675617703,1.3,0.5,FINE_TUNING
6.839999999999942,-0.006829371871481668,-0.004431039444139173,0.0,1984.6589787835705,0.15658978783570546,0.18019060871466558,2.4504324587249156,-0.8044160751634479,1.3,0.5,FINE_TUNING
6.859999999999942,-0.00698972441566667,-0.008017627209250082,0.0,1953.2892635591745,-0.15710736440825485,-0.17932938825554542,2.4497938106396733,-0.8043075663842407,1.3,0.5,FINE_TUNING
6.879999999999941,-0.007076079532813435,-0.004317755857338277,0.0,1984.7321427768675,0.15732142776867478,0.18499356759559024,2.4492195504027974,-0.8043950753554798,1.3,0.5,FINE_TUNING
6.899999999999941,-0.0072348167870063314,-0.007936862709644818,0.0,1953.3243812536748,-0.15675618746325198,-0.18095534261532703,2.4485826271721876,-0.8042882755746583,1.3,0.5,FINE_TUNING
6.91999999999994,-0.007320089110814062,-0.004263616190386541,0.0,1984.7618834408997,0.15761883440899738,0.18366232596291382,2.4480105293090597,-0.8043745782941748,1.3,0.5,FINE_TUNING
6.93999999999994,-0.007477569702523659,-0.00787402958547984,0.0,1953.367835023139,-0.15632164976861077,-0.1805206697546649,2.4473686578604754,-0.8042683838977043,1.3,0.5,FINE_TUNING
6.95999999999994,-0.007560826061312173,-0.004162817939425717,0.0,1984.8090897101774,0.15809089710177432,0.1855605823027061,2.4468014565231546,-0.8043531816662527,1.3,0.5,FINE_TUNING
6.979999999999939,-0.00771575150052039,-0.007746271960410833,0.0,1953.3923645979,-0.1560763540209996,-0.1791727010492558,2.446160659257255,-0.804248572393588,1.3,0.5,FINE_TUNING
6.999999999999939,-0.007796933363643323,-0.004059093156146638,0.0,1984.7995873295065,0.15799587329506493,0.18435894021320975,2.4455885285527454,-0.8043331075840165,1.3,0.5,FINE_TUNING
7.019999999999938,-0.007949686792649806,-0.0076376714503241915,0.0,1953.3746007263535,-0.1562539927364651,-0.1789289147088777,2.4449514293868564,-0.8042305308383318,1.3,0.5,FINE_TUNING
7.039999999999938,-0.008030121715348795,-0.004021746134949423,0.0,1984.772518958802,0.1577251895880204,0.18079626576873845,2.4443755539414003,-0.8043141097090293,1.3,0.5,FINE_TUNING
7.059999999999937,-0.008181352122723444,-0.0075615203687323905,0.0,1953.4201053096285,-0.15579894690371476,-0.1769887116891484,2.443733478114228,-0.8042121772245041,1.3,0.5,FINE_TUNING
7.079999999999937,-0.008258857920627999,-0.003875289895227791,0.0,1984.8533044087953,0.15853304408795338,0.18431152367523,2.4431623895695727,-0.8042941162057534,1.3,0.5,FINE_TUNING
7.099999999999937,-0.008406931571953154,-0.007403682566257747,0.0,1953.4567739020538,-0.15543226097946217,-0.1764196335514978,2.4425229458103055,-0.8041944019460965,1.3,0.5,FINE_TUNING
7.119999999999936,-0.008481007370788394,-0.003703789941761977,0.0,1984.8513359750073,0.1585133597500726,0.1849946312247885,2.441946835175779,-0.8042757797485027,1.3,0.5,FINE_TUNING
7.139999999999936,-0.008626500153736557,-0.007274639147408166,0.0,1953.41843792105,-0.155815620789499,-0.17854246028230944,2.441316704315715,-0.8041793671403781,1.3,0.5,FINE_TUNING
7.159999999999935,-0.008698304341393043,-0.003590209382824311,0.0,1984.8153946321124,0.15815394632112428,0.18422148822919274,2.4407370310917926,-0.8042590615552156,1.3,0.5,FINE_TUNING
7.179999999999935,-0.008840655074508513,-0.0071175366557735004,0.0,1953.3942861472276,-0.15605713852772396,-0.1763663636474595,2.440109238806721,-0.8041648858691015,1.3,0.5,FINE_TUNING
7.1999999999999345,-0.008908429016501827,-0.0033886970996657067,0.0,1984.7705309072871,0.1577053090728714,0.18644197780538968,2.439522481928304,-0.8042435262019437,1.3,0.5,FINE_TUNING
7.219999999999934,-0.009047645524380199,-0.006960825393918631,0.0,1953.305182969313,-0.15694817030687092,-0.1786064147126462,2.438909887321608,-0.8041534775168053,1.3,0.5,FINE_TUNING
7.239999999999934,-0.009114357854454516,-0.0033356165037158087,0.0,1984.6797209166436,0.15679720916643647,0.1812604445101411,2.438313748950262,-0.8042305598182166,1.3,0.5,FINE_TUNING
7.259999999999933,-0.00925113793202414,-0.0068390038784811626,0.0,1953.281655992095,-0.15718344007904989,-0.17516936873826766,2.437697018114376,-0.804141829763261,1.3,0.5,FINE_TUNING
7.279999999999933,-0.009314304248031643,-0.0031583158003751183,0.0,1984.6578260142987,0.15657826014298734,0.1840344039053022,2.4370985843686372,-0.8042171893653668,1.3,0.5,FINE_TUNING
7.299999999999932,-0.009450553074678814,-0.006812441332358598,0.0,1953.223945788337,-0.15776054211662996,-0.182706276599174,2.4364928576408507,-0.8041318401790972,1.3,0.5,FINE_TUNING
7.319999999999932,-0.009512208574179112,-0.0030827749750149047,0.0,1984.6746818165775,0.15674681816577504,0.18648331786718467,2.43590439080148,-0.8042035843473528,1.3,0.5,FINE_TUNING
7.3399999999999315,-0.009644865783208044,-0.006632860451446626,0.0,1953.260744049727,-0.1573925595027299,-0.17750427382158607,2.435293993602483,-0.8041193204689598,1.3,0.5,FINE_TUNING
7.359999999999931,-0.00970509590619535,-0.003011506149365315,0.0,1984.656443457361,0.1565644345736109,0.18106771510406552,2.434697006817397,-0.8041908040919354,1.3,0.5,FINE_TUNING
7.379999999999931,-0.00983669794376588,-0.006580101878526522,0.0,1953.2754459936814,-0.15724554006318614,-0.17842978645806035,2.43408262487651,-0.8041078011487064,1.3,0.5,FINE_TUNING
7.39999999999993,-0.009892802501470743,-0.002805227885243135,0.0,1984.7065325706205,0.15706532570620538,0.18874369966416935,2.4334942933182613,-0.8041767196290391,1.3,0.5,FINE_TUNING
7.41999999999993,-0.010020183867439808,-0.006369068298453231,0.0,1953.2485625905174,-0.15751437409482605,-0.1781920206605048,2.432892582196318,-0.8040970732266396,1.3,0.5,FINE_TUNING
7.439999999999929,-0.010073932963950092,-0.0026874548255142712,0.0,1984.6220869319104,0.15622086931910417,0.184080673646948,2.4322890179824306,-0.804165736878733,1.3,0.5,FINE_TUNING
7.459999999999929,-0.010198730750002523,-0.006239889302621529,0.0,1953.1851514634684,-0.158148485365316,-0.1776217238553629,2.4316922748828658,-0.804088627242691,1.3,0.5,FINE_TUNING
7.4799999999999285,-0.010250807094291353,-0.0026038172144415028,0.0,1984.5656633405636,0.1556566334056356,0.18180360440900128,2.4310836756195484,-0.8041554159160349,1.3,0.5,FINE_TUNING
7.499999999999928,-0.010373714690025423,-0.006145379786703537,0.0,1953.1636168337268,-0.15836383166273207,-0.17707812861310168,2.4304862253968027,-0.804080045216346,1.3,0.5,FINE_TUNING
7.519999999999928,-0.010423359571461762,-0.0024822440718169684,0.0,1984.5613036278608,0.15561303627860754,0.18315678574432842,2.429878898568138,-0.8041447428613856,1.3,0.5,FINE_TUNING
7.539999999999927,-0.010545884322922017,-0.006126237573012812,0.0,1953.1532396685081,-0.1584676033149185,-0.18219967505979218,2.4292843153716337,-0.8040714439099134,1.3,0.5,FINE_TUNING
7.559999999999927,-0.01059684204962783,-0.002547886335290654,0.0,1984.6144811906122,0.15614481190612195,0.1789175618861079,2.42868933765807,-0.8041330460553818,1.3,0.5,FINE_TUNING
7.579999999999926,-0.010720262452366597,-0.006171020136938312,0.0,1953.3073904129471,-0.15692609587052858,-0.18115669008238294,2.4280693665994524,-0.8040582557422864,1.3,0.5,FINE_TUNING
7.599999999999926,-0.010770801902012612,-0.0025269724823007407,0.0,1984.826055744166,0.1582605574416607,0.18220238273187858,2.4275012509787786,-0.804117060059371,1.3,0.5,FINE_TUNING
7.6199999999999255,-0.010893034255298377,-0.006111617664288233,0.0,1953.5160679930486,-0.15483932006951362,-0.1792322590993746,2.426862044760848,-0.8040412273460789,1.3,0.5,FINE_TUNING
7.639999999999925,-0.010939817231311417,-0.0023391488006519853,0.0,1985.0073900996051,0.16007390099605118,0.18862344318181237,2.4263076473578034,-0.8040991418624265,1.3,0.5,FINE_TUNING
7.659999999999925,-0.011056667022424603,-0.005842489555659256,0.0,1953.593110516656,-0.15406889483344002,-0.17516703775036355,2.4256740157595984,-0.8040252924487916,1.3,0.5,FINE_TUNING
7.679999999999924,-0.011097811958397426,-0.00205724679864117,0.0,1984.956997536466,0.15956997536465906,0.1892621378509043,2.4250999258744965,-0.8040844142046686,1.3,0.5,FINE_TUNING
7.699999999999924,-0.011209435985084823,-0.005581201334369823,0.0,1953.4442059420849,-0.15555794057915137,-0.17619772678643264,2.424493849300188,-0.8040156002906036,1.3,0.5,FINE_TUNING
7.719999999999923,-0.011247868506654803,-0.001921626078498973,0.0,1984.7519175986126,0.15751917598612636,0.18297876279354247,2.423893332311253,-0.804074089300084,1.3,0.5,FINE_TUNING
7.739999999999923,-0.011357262608941272,-0.005469705114323499,0.0,1953.2823698495824,-0.15717630150417564,-0.17740395179122628,2.4232991545917626,-0.8040088201730201,1.3,0.5,FINE_TUNING
7.7599999999999225,-0.011393146129054624,-0.001794176005667602,0.0,1984.636061282459,0.15636061282458968,0.18377645543279483,2.4226923374605214,-0.8040644849207249,1.3,0.5,FINE_TUNING
7.779999999999922,-0.011502097097135735,-0.005447548404055486,0.0,1953.1879118109703,-0.15812088189029738,-0.1826686199193942,2.4221059575973976,-0.804002020673007,1.3,0.5,FINE_TUNING
7.799999999999922,-0.01153918263100019,-0.0018542766932227528,0.0,1984.6261750859562,0.1562617508595622,0.17966358554163667,2.4215077525665536,-0.8040542761408722,1.3,0.5,FINE_TUNING
7.819999999999921,-0.011648671662043123,-0.005474451552146618,0.0,1953.2919725917043,-0.15708027408295722,-0.18100874294619326,2.420899294369814,-0.8039911734432149,1.3,0.5,FINE_TUNING
7.839999999999921,-0.01168440612644037,-0.0017867232198623927,0.0,1984.7884826169347,0.15788482616934743,0.1843864166142113,2.4203233519053815,-0.804040925487414,1.3,0.5,FINE_TUNING
7.85999999999992,-0.011790343404131523,-0.005296863884557631,0.0,1953.4327515297805,-0.1556724847021951,-0.17550703323476194,2.419704668242332,-0.8039779627313204,1.3,0.5,FINE_TUNING
7.87999999999992,-0.01182316755228355,-0.0016412074076013264,0.0,1984.8411571891,0.1584115718909993,0.18278282384781522,2.419123288293706,-0.8040279751122127,1.3,0.5,FINE_TUNING
7.8999999999999195,-0.011928096467533171,-0.005246445762481093,0.0,1953.4445452998807,-0.15555454700119298,-0.18026191774398834,2.4185093258559207,-0.8039670085646193,1.3,0.5,FINE_TUNING
7.919999999999919,-0.011958219454787306,-0.001506149362706705,0.0,1984.8870752042396,0.15887075204239637,0.18701481998871938,2.417936036268912,-0.8040148481960481,1.3,0.5,FINE_TUNING
7.939999999999919,-0.012059820301589521,-0.005080042340110752,0.0,1953.45822412892,-0.15541775871080063,-0.17869464887020237,2.4173256319792853,-0.8039557476056475,1.3,0.5,FINE_TUNING
7.959999999999918,-0.01208720883534521,-0.0013694266877844656,0.0,1984.8570650482739,0.15857065048273852,0.1855307826163143,2.416744198268448,-0.8040027916388858,1.3,0.5,FINE_TUNING
7.979999999999918,-0.012187279094375846,-0.005003512951531793,0.0,1953.4168662909635,-0.15583133709036473,-0.18170431318736638,2.416140302445024,-0.8039460526666079,1.3,0.5,FINE_TUNING
