t,y,target_y
0.0,-1.0856306033005611e-06,0.0
0.02,-9.991350410102995e-07,0.0
0.04,-5.265978854720875e-07,0.0
0.06,-1.5628319918330467e-06,0.0
0.08,-3.009290264605884e-06,0.0
0.1,-2.458186567500484e-06,0.0
0.12,-4.185850601519068e-06,0.0
0.14,-5.955162860832546e-06,0.0
0.16,-5.908782982285693e-06,0.0
0.18,-6.356522753646371e-06,0.0
0.2,-7.144323405517001e-06,0.0
0.22,-7.659383224083542e-06,0.0
0.24,-6.340714600051583e-06,0.0
0.26,-5.629297878488205e-06,0.0
0.28,-5.440373422374164e-06,0.0
0.3,-5.761529908876506e-06,0.0
0.32,-3.8716547826340095e-06,0.0
0.34,-9.195575054740386e-08,0.0
0.36,3.890370164418823e-06,0.0
0.38,7.0792607396477305e-06,0.0
0.4,9.686330913363155e-06,0.0
0.42,1.2453229136098502e-05,0.0
0.44,1.2913554910364193e-05,0.0
0.46,1.352073302692722e-05,0.0
0.48,1.2046613691910052e-05,0.0
0.5,9.583751005200166e-06,0.0
0.52,8.158799461954317e-06,0.0
0.54,5.602613529144738e-06,0.0
0.56,3.5099991783295653e-06,0.0
0.58,1.2947142921856364e-06,0.0
0.6,-3.1785817889367553e-07,0.0
0.62,-3.882886567360932e-06,0.0
0.64,-8.062455327731142e-06,0.0
0.66,-1.1476481466792314e-05,0.0
0.68,-1.2404629872739002e-05,0.0
0.7000000000000001,-1.227536708954616e-05,0.0
0.72,-1.1296082444921189e-05,0.0
0.74,-9.180828899556602e-06,0.0
0.76,-7.955745065215837e-06,0.0
0.78,-6.6305084531775884e-06,0.0
0.8,-6.437592425573373e-06,0.0
0.8200000000000001,-8.218079499532694e-06,0.0
0.84,-1.0267460731232476e-05,0.0
0.86,-1.1330227016915064e-05,0.0
0.88,-1.1596495740783231e-05,0.0
0.9,-1.1506515943515158e-05,0.0
0.92,-8.771361220275372e-06,0.0
0.9400000000000001,-5.8749912791289175e-06,0.0
0.96,-2.617690556912545e-06,0.0
0.98,1.9438003654901575e-06,0.0
1.0,3.845043070709264e-06,0.0
1.02,3.4704407407267033e-06,0.0
1.04,4.041823642115185e-06,0.0
1.06,3.1596106465947604e-06,0.0
1.08,1.9901179244592596e-06,0.0
1.1,1.8485031231174858e-06,0.0
1.12,2.582948180657894e-06,0.0
1.1400000000000001,4.941518326516737e-06,0.0
1.16,8.326668416898512e-06,0.0
1.18,1.1917376075018427e-05,0.0
1.2,1.356493219102778e-05,0.0
1.22,1.4932914442089259e-05,0.0
1.24,1.5639932473011475e-05,0.0
1.26,1.4218328242415538e-05,0.0
1.28,1.3870784180236818e-05,0.0
1.3,1.4124486757671642e-05,0.0
1.32,1.4223571798515376e-05,0.0
1.34,1.3921725723235312e-05,0.0
1.36,1.2339834456293794e-05,0.0
1.3800000000000001,1.1139959504691335e-05,0.0
1.4000000000000001,1.0708408765519324e-05,0.0
1.42,9.707413423790975e-06,0.0
1.44,1.0200183135528852e-05,0.0
1.46,9.733286389611373e-06,0.0
1.48,7.307801731736644e-06,0.08
1.5,6.41553258835615e-06,0.08
1.52,5.5875778057137976e-06,0.08
1.54,5.082692377988662e-06,0.08
1.56,4.125512650402025e-06,0.08
1.58,1.9780574820997787e-06,0.08
1.6,1.712711341920761e-06,0.08
1.62,1.225205858533471e-06,0.08
1.6400000000000001,2.800327669145853e-06,0.08
1.6600000000000001,5.20598569126455e-06,0.08
1.68,6.932126143217659e-06,0.08
1.7,7.048016024461863e-06,0.08
1.72,6.048985371103872e-06,0.08
1.74,3.7241956247532788e-06,0.08
1.76,3.7695481339019402e-06,0.08
1.78,4.152560064728126e-06,0.08
1.8,5.7416504533597766e-06,0.08
1.82,5.844561358794189e-06,0.08
1.84,5.962236266528754e-06,0.08
1.86,7.125924253566714e-06,0.08
1.8800000000000001,7.669544464803401e-06,0.08
1.9000000000000001,8.956839369093965e-06,0.08
1.92,8.746552376227733e-06,0.08
1.94,6.916116839107125e-06,0.08
1.96,5.5700447923963164e-06,0.08
1.98,4.11710608441049e-06,0.08
2.0,3.7169804924893412e-06,0.08
2.02,1.6778711693720567e-06,0.08
2.04,9.100577326977848e-07,0.08
2.06,3.2412753690611174e-06,0.08
2.08,5.5170498091064615e-06,0.08
2.1,7.449012091810684e-06,0.08
2.12,8.992441250352093e-06,0.08
2.14,8.031412738400174e-06,0.08
2.16,7.201411194725207e-06,0.08
2.18,4.679096517594187e-06,0.08
2.2,2.061936407421104e-06,0.08
2.22,1.321978156801362e-06,0.08
2.24,3.9186623751345764e-07,0.08
2.2600000000000002,4.879233219643352e-07,0.08
2.2800000000000002,1.9420883314907223e-06,0.08
2.3000000000000003,3.6819712474112142e-06,0.08
2.32,3.7816202577468552e-06,0.08
2.34,3.350225105118475e-06,0.08
2.36,4.804920653804603e-06,0.08
2.38,3.942547813061373e-06,0.08
2.4,2.742017734931612e-06,0.08
2.42,1.1293831042430204e-06,0.08
2.44,-1.5356720573184032e-08,0.08
2.46,4.0313467446870375e-09,0.08
2.48,1.9125691129905854e-06,0.08
2.5,3.4391995432329855e-06,0.08
2.52,5.4627933221319505e-06,0.08
2.54,7.444455971175055e-06,0.08
2.56,9.208141547876905e-06,0.08
2.58,9.643081781423297e-06,0.08
2.6,8.47608448547935e-06,0.08
2.62,5.966226513112904e-06,0.08
2.64,2.9182230345710368e-06,0.08
2.66,8.140647032898267e-07,0.08
2.68,2.2346573867636044e-07,0.08
2.7,5.641160368107546e-07,0.08
2.72,7.217401968333903e-07,0.08
2.74,2.9165870202979575e-06,0.08
2.7600000000000002,6.438069993819196e-06,0.08
2.7800000000000002,8.91320844364524e-06,0.08
2.8000000000000003,9.695413077730288e-06,0.08
2.82,9.87836524379707e-06,0.08
2.84,1.0782932304770009e-05,0.08
2.86,1.1483330525137548e-05,0.08
2.88,1.2245700788417089e-05,0.08
2.9,1.2319196024677683e-05,0.08
2.92,1.2495133079343889e-05,0.08
2.94,1.392721604592842e-05,0.08
2.96,1.4675203323315145e-05,0.08
2.98,1.5128987166292744e-05,0.08
3.0,1.544651605097447e-05,0.08
3.02,1.5710644963742648e-05,0.08
3.04,1.4270277247245163e-05,0.08
3.06,1.096540522308138e-05,0.08
3.08,7.158193934458214e-06,0.08
3.1,4.462700603022106e-06,0.08
3.12,3.384993159062129e-06,0.08
3.14,2.6732574887077657e-06,0.08
3.16,4.069926276091829e-06,0.08
3.18,5.6020897438664875e-06,0.08
3.2,7.105763535380352e-06,0.08
3.22,8.141359602191461e-06,0.08
3.24,8.952908015235043e-06,0.08
3.2600000000000002,1.0084404533180185e-05,0.08
3.2800000000000002,1.1424896671536386e-05,0.08
3.3000000000000003,1.1326957038899798e-05,0.08
3.3200000000000003,1.2385842070191007e-05,0.08
3.34,1.1909441536895605e-05,0.08
3.36,1.1273559164281135e-05,0.08
3.38,1.0282721435678247e-05,0.08
3.4,8.32981502570345e-06,0.08
3.42,6.659654591441639e-06,0.08
3.44,4.746846821117328e-06,0.08
3.46,3.5456052315334885e-06,0.08
3.48,3.3702569804757064e-06,0.08
3.5,5.118691901923895e-06,0.08
3.52,7.203166880576239e-06,0.08
3.54,8.364384437858925e-06,0.08
3.56,8.732101334077292e-06,0.08
3.58,8.896225753820911e-06,0.08
3.6,8.878799291226806e-06,0.08
3.62,1.0121794671284167e-05,0.08
3.64,1.2410070383544123e-05,0.08
3.66,1.3721632737874797e-05,0.08
3.68,1.3840585414023863e-05,0.08
3.7,1.0925171336557983e-05,0.08
3.72,7.581538464505346e-06,0.08
3.74,3.852974484460876e-06,0.08
3.7600000000000002,7.559928511578222e-07,0.08
3.7800000000000002,-7.881449843832562e-07,0.08
3.8000000000000003,-1.1148049916625931e-06,0.08
3.8200000000000003,-7.012495745645265e-07,0.08
3.84,3.812986488253462e-07,0.08
3.86,1.4928594627202601e-06,0.08
3.88,2.7348155225951663e-06,0.08
3.9,5.019917689848497e-07,0.08
3.92,-1.8088104750023318e-06,0.08
3.94,-3.7403965285558276e-06,0.08
3.96,-5.373380043125005e-06,0.08
3.98,-6.5236017143337e-06,0.08
4.0,-6.301628272869065e-06,0.08
4.0200000000000005,-6.248127886260749e-06,0.08
4.04,-3.6967703670590997e-06,0.08
4.0600000000000005,-6.55860786435664e-07,0.08
4.08,1.7663458320335194e-06,0.08
4.1,3.179562963556483e-06,0.08
4.12,3.727496421539413e-06,0.08
4.14,2.7298910692643e-06,0.08
4.16,1.3540317002060254e-06,0.08
4.18,2.6957190760423157e-07,0.08
4.2,-6.343863060934248e-08,0.08
4.22,3.483371473407226e-07,0.08
4.24,5.303898704961458e-07,0.08
4.26,-7.014698408213123e-07,0.08
4.28,-2.4782224625134542e-06,0.08
4.3,-2.2785917411611333e-06,0.08
4.32,-9.704370086428864e-07,0.08
4.34,6.465685945598961e-07,0.08
4.36,1.2058124572879278e-06,0.08
4.38,1.4778301408773507e-06,0.08
4.4,2.467173882866369e-07,0.08
4.42,-1.51336039015452e-06,0.08
4.44,-3.2288851483158493e-06,0.08
4.46,-4.838165628444769e-06,0.08
4.48,-4.913488806740128e-06,0.08
4.5,-5.998358197922684e-06,0.08
4.5200000000000005,-7.4855677547416736e-06,0.08
4.54,-9.786758085158401e-06,0.08
4.5600000000000005,-1.2566162205195047e-05,0.08
4.58,-1.424907108075167e-05,0.08
4.6000000000000005,-1.65873613617364e-05,0.08
4.62,-1.7132306206543738e-05,0.08
4.64,-1.710882360835482e-05,0.08
4.66,-1.6438682410616365e-05,0.08
4.68,-1.5134997573676304e-05,0.08
4.7,-1.4240126431738138e-05,0.08
4.72,-1.2418997694909504e-05,0.08
4.74,-1.1142867123980708e-05,0.08
4.76,-9.702918686751851e-06,0.08
4.78,-8.978803213442892e-06,0.08
4.8,-8.426183246771893e-06,0.08
4.82,-7.995482107994457e-06,0.08
4.84,-7.655718575415107e-06,0.08
4.86,-8.575159226084395e-06,0.08
4.88,-9.102521572523161e-06,0.08
4.9,-9.893506746290327e-06,0.08
4.92,-9.884009111776689e-06,0.08
4.94,-1.1906399651632627e-05,0.08
4.96,-1.4976026182019714e-05,0.08
4.98,-1.6897645727761017e-05,0.08
5.0,-1.6103148734277242e-05,0.08
5.0200000000000005,-1.4001039369323225e-05,0.08
5.04,-1.2570524838782726e-05,0.08
5.0600000000000005,-1.30305251501017e-05,0.08
5.08,-1.2793724340297164e-05,0.08
5.1000000000000005,-1.2699416887511232e-05,0.08
5.12,-1.2060683620461793e-05,0.08
5.14,-1.1430529976591615e-05,0.08
5.16,-1.0944918350631367e-05,0.08
5.18,-7.687423547410434e-06,0.08
5.2,-5.079127291354036e-06,0.08
5.22,-3.47480447156985e-06,0.08
5.24,-2.8224461942102674e-06,0.08
5.26,-3.428335694815778e-06,0.08
5.28,-3.413373217251488e-06,0.08
5.3,-4.0144173499010595e-06,0.08
5.32,-4.064031534039731e-06,0.08
5.34,-3.88096027620438e-06,0.08
5.36,-2.542165163336189e-06,0.08
5.38,-1.0392527031994708e-06,0.08
5.4,-1.1616279053898356e-06,0.08
5.42,-2.8702673092994755e-06,0.08
5.44,-3.0778837149645734e-06,0.08
5.46,-3.8042227833813487e-06,0.08
5.48,-5.670500874370035e-06,0.08
5.5,-7.781092881999068e-06,0.08
5.5200000000000005,-7.996102725837942e-06,0.08
5.54,-9.161018509120222e-06,0.08
5.5600000000000005,-1.0670277486868682e-05,0.08
5.58,-1.223692670588761e-05,0.08
5.6000000000000005,-1.4375597856982366e-05,0.08
5.62,-1.6877339439217132e-05,0.08
5.64,-1.9919327912977984e-05,0.08
5.66,-2.2247776105373123e-05,0.08
5.68,-2.373373292729575e-05,0.08
5.7,-2.4818145014580254e-05,0.08
5.72,-2.6609723460195396e-05,0.08
5.74,-2.618042124151868e-05,0.08
5.76,-2.644882203167578e-05,0.08
5.78,-2.5927151049847558e-05,0.08
5.8,-2.6182720888472266e-05,0.08
5.82,-2.5493251018775083e-05,0.08
5.84,-2.3742193351035937e-05,0.08
5.86,-2.3048604903508394e-05,0.08
5.88,-2.4483611892958346e-05,0.08
5.9,-2.5109344796266235e-05,0.08
5.92,-2.3664321346550815e-05,0.08
5.94,-2.18795844699994e-05,0.08
5.96,-2.0243753440126684e-05,0.08
5.98,-1.8236691994219375e-05,0.08
6.0,-1.6072589752475562e-05,0.08
6.0200000000000005,-1.5482070263262695e-05,0.08
6.04,-1.613863511553023e-05,0.08
6.0600000000000005,-1.6471340104973686e-05,0.08
6.08,-1.7083664335161964e-05,0.08
6.1000000000000005,-1.636154922661266e-05,0.08
6.12,-1.6434393842726334e-05,0.08
6.140000000000001,-1.5787967373029568e-05,0.08
6.16,-1.4909106956729432e-05,0.08
6.18,-1.4355851440746891e-05,0.08
6.2,-1.2835127076532941e-05,0.08
6.22,-1.100741963148317e-05,0.08
6.24,-1.0718152033490545e-05,0.08
6.26,-1.0186613577955627e-05,0.08
6.28,-8.63145884660164e-06,0.08
6.3,-7.68936714160089e-06,0.08
6.32,-7.46714317570947e-06,0.08
6.34,-8.2663703050109e-06,0.08
6.36,-9.18739357701847e-06,0.08
6.38,-9.34550284483877e-06,0.08
6.4,-1.0237782236847176e-05,0.08
6.42,-1.2265314153632631e-05,0.08
6.44,-1.418884553726489e-05,0.08
6.46,-1.6845775847082792e-05,0.08
6.48,-1.80960240505251e-05,0.08
6.5,-1.8951734947301858e-05,0.08
6.5200000000000005,-2.083920708601579e-05,0.08
6.54,-2.2250671798867517e-05,0.08
6.5600000000000005,-2.304032213140773e-05,0.08
6.58,-2.2669457986891713e-05,0.08
6.6000000000000005,-2.1987088493343815e-05,0.08
6.62,-1.920089579522571e-05,0.08
6.640000000000001,-1.719100685351693e-05,0.08
6.66,-1.571122529606411e-05,0.08
6.68,-1.4870206406307112e-05,0.08
6.7,-1.4796999319475023e-05,0.08
6.72,-1.4911976451631311e-05,0.08
6.74,-1.4682377772729073e-05,0.08
6.76,-1.3272000819893721e-05,0.08
6.78,-1.3752315500887146e-05,0.08
6.8,-1.486784755038551e-05,0.08
6.82,-1.632679408874772e-05,0.08
6.84,-1.6530427900876742e-05,0.08
6.86,-1.682678836653461e-05,0.08
6.88,-1.8769310222807887e-05,0.08
6.9,-2.0120730604111803e-05,0.08
6.92,-2.0927382971437347e-05,0.08
6.94,-2.1006168242276164e-05,0.08
6.96,-2.1711403475145868e-05,0.08
6.98,-2.0272707253806554e-05,0.08
7.0,-1.907326771388501e-05,0.08
7.0200000000000005,-1.8165902619163836e-05,0.08
7.04,-1.834965293548592e-05,0.08
7.0600000000000005,-1.9543501946484237e-05,0.08
7.08,-2.1804350331380123e-05,0.08
7.1000000000000005,-2.3971369159868684e-05,0.08
7.12,-2.6396039400642382e-05,0.08
7.140000000000001,-2.5871221130548975e-05,0.08
7.16,-2.6680722704364017e-05,0.08
7.18,-2.8069839665025964e-05,0.08
7.2,-2.9229172652871008e-05,0.08
7.22,-2.9065095946391237e-05,0.08
7.24,-2.8862293871905318e-05,0.08
7.26,-2.7667780721356777e-05,0.08
7.28,-2.739958378659675e-05,0.08
7.3,-2.703637743326567e-05,0.08
7.32,-2.4931671896866302e-05,0.08
7.34,-2.4104117519227773e-05,0.08
7.36,-2.3167268336919752e-05,0.08
7.38,-2.236019087781761e-05,0.08
7.4,-2.4139130928751944e-05,0.08
7.42,-2.642510039573796e-05,0.08
7.44,-2.713831657536554e-05,0.08
7.46,-2.7277053572026426e-05,0.08
7.48,-2.82726934449961e-05,0.08
7.5,-2.8139475966946167e-05,0.08
7.5200000000000005,-2.8175166319853225e-05,0.08
7.54,-2.7596315114145292e-05,0.08
7.5600000000000005,-2.6524881608994977e-05,0.08
7.58,-2.6629822111711097e-05,0.08
7.6000000000000005,-2.5932602846226398e-05,0.08
7.62,-2.6317443561607083e-05,0.08
7.640000000000001,-2.796510368612187e-05,0.08
7.66,-3.0172986056797847e-05,0.08
7.68,-3.212420901162992e-05,0.08
7.7,-3.320963367472437e-05,0.08
7.72,-3.433965048497956e-05,0.08
7.74,-3.4003357217264205e-05,0.08
7.76,-3.293383313896252e-05,0.08
7.78,-3.235479711578777e-05,0.08
7.8,-3.0794318898012256e-05,0.08
7.82,-2.8219974974363744e-05,0.08
7.84,-2.6218117692700334e-05,0.08
7.86,-2.5037884795523165e-05,0.08
7.88,-2.6203956154736238e-05,0.08
7.9,-2.7954330048238987e-05,0.08
7.92,-2.9814538431210807e-05,0.08
7.94,-3.0980800787288054e-05,0.08
7.96,-3.179063203411177e-05,0.08
7.98,-3.183029644254687e-05,0.08
8.0,-2.992988164739009e-05,0.08
8.02,-2.8545188504845805e-05,0.08
8.040000000000001,-2.7818805998319156e-05,0.08
8.06,-2.8594274030191585e-05,0.08
8.08,-2.93515208100689e-05,0.08
8.1,-2.896233311225251e-05,0.08
8.120000000000001,-3.0238346903563242e-05,0.08
8.14,-3.18784346995844e-05,0.08
8.16,-3.2979553392035054e-05,0.08
8.18,-3.26739500485426e-05,0.08
8.2,-3.161352367453502e-05,0.08
8.22,-3.009839818445657e-05,0.08
8.24,-2.8917931561195077e-05,0.08
8.26,-2.7478437968093697e-05,0.08
8.28,-2.5370942377893344e-05,0.08
8.3,-2.5512462181859156e-05,0.08
8.32,-2.5236984787978405e-05,0.08
8.34,-2.529202219668584e-05,0.08
8.36,-2.5997483709114004e-05,0.08
8.38,-2.9085641145171473e-05,0.08
8.4,-3.29866882706982e-05,0.08
8.42,-3.414741003988345e-05,0.08
8.44,-3.506424521109156e-05,0.08
8.46,-3.6232262094577095e-05,0.08
8.48,-3.704948068111556e-05,0.08
8.5,-3.787983220032834e-05,0.08
8.52,-3.7901411349108735e-05,0.08
8.540000000000001,-3.588432471293306e-05,0.08
8.56,-3.436940344863147e-05,0.08
8.58,-3.283078055944033e-05,0.08
8.6,-3.27286134481185e-05,0.08
8.620000000000001,-3.12764994224805e-05,0.08
8.64,-2.9948050850559256e-05,0.08
8.66,-3.0087309200068834e-05,0.08
8.68,-2.952497915882218e-05,0.08
8.700000000000001,-2.7958530288924723e-05,0.08
8.72,-2.657968216740858e-05,0.08
8.74,-2.7261813117447402e-05,0.08
8.76,-2.630164848283804e-05,0.08
8.78,-2.525494187708232e-05,0.08
8.8,-2.3322966297515563e-05,0.08
8.82,-2.2413125169837725e-05,0.08
8.84,-2.2335381669117252e-05,0.08
8.86,-2.2427064984650498e-05,0.08
8.88,-2.1555339945284578e-05,0.08
8.9,-2.0755650696623892e-05,0.08
8.92,-2.1456844637154457e-05,0.08
8.94,-2.191990198858543e-05,0.08
8.96,-2.066958576499303e-05,0.08
8.98,-1.94681881055516e-05,0.08
9.0,-1.8374296452680947e-05,0.08
9.02,-1.8849415648301803e-05,0.08
9.040000000000001,-2.0831704559647235e-05,0.08
9.06,-2.3180347011536244e-05,0.08
9.08,-2.52692631743488e-05,0.08
9.1,-2.648913518487581e-05,0.08
9.120000000000001,-2.6789297989823623e-05,0.08
9.14,-2.4883400806291448e-05,0.08
9.16,-2.2768784939652406e-05,0.08
9.18,-1.9779958971543384e-05,0.08
9.200000000000001,-1.7400291870748398e-05,0.08
9.22,-1.430683267684023e-05,0.08
9.24,-1.4055272897899931e-05,0.08
9.26,-1.5080567489953634e-05,0.08
9.28,-1.540692851256946e-05,0.08
9.3,-1.6032195636584408e-05,0.08
9.32,-1.5690909576139766e-05,0.08
9.34,-1.497263568383097e-05,0.08
9.36,-1.3402023275471196e-05,0.08
9.38,-1.1507345211993343e-05,0.08
9.4,-9.413449113987724e-06,0.08
9.42,-6.463249774537229e-06,0.08
9.44,-3.4145690776428208e-06,0.08
9.46,-4.499438570098297e-07,0.08
9.48,1.3355786145654865e-06,0.08
9.5,1.441111808102577e-06,0.08
9.52,1.217644261561812e-07,0.08
9.540000000000001,-7.595693009874656e-07,0.08
9.56,-4.153275706356354e-06,0.08
9.58,-8.352873026003026e-06,0.08
9.6,-1.2493618272580343e-05,0.08
9.620000000000001,-1.5505541838621857e-05,0.08
9.64,-1.9701878891989816e-05,0.08
9.66,-2.0942862838156227e-05,0.08
9.68,-2.0191069717406246e-05,0.08
9.700000000000001,-1.657713714160023e-05,0.08
9.72,-1.183368973491309e-05,0.08
9.74,-6.728117959556199e-06,0.08
9.76,-6.111081530240161e-07,0.08
9.78,3.130520042684506e-06,0.08
9.8,3.551247773779843e-06,0.08
9.82,2.4302105514077615e-06,0.08
9.84,-2.41318930400395e-07,0.08
9.86,-3.244854142931019e-06,0.08
9.88,-6.87167974893324e-06,0.08
9.9,-9.051002577564664e-06,0.08
9.92,-9.754104700631567e-06,0.08
9.94,-9.689436324098078e-06,0.08
9.96,-8.750712990154826e-06,0.08
9.98,-7.69035918966173e-06,0.08
10.0,-5.838748109110803e-06,0.08
10.02,-4.163043975795836e-06,0.08
10.040000000000001,-3.1664286376728003e-06,0.08
10.06,-1.6648105605397981e-06,0.08
10.08,5.791641398126554e-07,0.08
10.1,3.4584541316402694e-06,0.08
10.120000000000001,4.416726826124054e-06,0.08
10.14,4.060074848205242e-06,0.08
10.16,1.5261207328940148e-06,0.08
10.18,-1.1658072225798149e-06,0.08
10.200000000000001,-2.9565292266232938e-06,0.08
10.22,-4.255306290365628e-06,0.08
10.24,-2.9729284526926894e-06,0.08
10.26,-1.839624201569183e-06,0.08
10.28,-1.7755552561417862e-06,0.08
10.3,-1.119754272453133e-06,0.08
10.32,-3.8963178272090003e-07,0.08
10.34,7.362322391585477e-07,0.08
10.36,1.8932191329606822e-06,0.08
10.38,2.9344258998903827e-06,0.08
10.4,1.4506994971263914e-06,0.08
10.42,-7.871057116301079e-07,0.08
10.44,-3.272982370806013e-06,0.08
10.46,-5.467803140284491e-06,0.08
10.48,-7.310225559214849e-06,0.08
10.5,-7.87874132916161e-06,0.08
10.52,-7.144343269732037e-06,0.08
10.540000000000001,-7.152609339569892e-06,0.08
10.56,-6.177678753880231e-06,0.08
10.58,-4.548026198363127e-06,0.08
10.6,-2.6433837902326184e-06,0.08
10.620000000000001,-2.5711746941800893e-06,0.08
10.64,-2.3347110233690554e-06,0.08
10.66,-2.232511796345766e-06,0.08
10.68,-1.3222996104536006e-06,0.08
10.700000000000001,1.1332316901895249e-06,0.08
10.72,4.632583082072997e-06,0.08
10.74,7.3254050066420695e-06,0.08
10.76,8.967406769342057e-06,0.08
10.78,1.0263449148405857e-05,0.08
10.8,9.564218504833246e-06,0.08
10.82,6.920389613640055e-06,0.08
10.84,3.882508140610177e-06,0.08
10.86,2.598826360096065e-06,0.08
10.88,1.5543709842591034e-06,0.08
10.9,2.5815605292448843e-06,0.08
10.92,1.0576601643870627e-06,0.08
10.94,-1.626933689421457e-06,0.08
10.96,-3.7027628902952763e-06,0.08
10.98,-4.046085717616944e-06,0.08
11.0,-3.8097985361586032e-06,0.08
11.02,-3.2392788253936397e-06,0.08
11.040000000000001,-2.5647726568132002e-06,0.08
11.06,-3.5856509972686173e-06,0.08
11.08,-3.2187666531254456e-06,0.08
11.1,-3.4238468746580465e-06,0.08
11.120000000000001,-2.411913452681748e-06,0.08
11.14,-1.530439348729749e-06,0.08
11.16,2.5528011547410286e-07,0.08
11.18,2.0003852806167263e-06,0.08
11.200000000000001,3.111146678834496e-06,0.08
11.22,3.9200806806449285e-06,0.08
11.24,2.771462304867681e-06,0.08
11.26,1.487366751654611e-06,0.08
11.28,2.0293278616514153e-06,0.08
11.3,3.8719883324445e-06,0.08
11.32,4.440689304183624e-06,0.08
11.34,5.240133858310573e-06,0.08
11.36,5.977224636373678e-06,0.08
11.38,7.207024398005296e-06,0.08
11.4,8.116195339367687e-06,0.08
11.42,8.367207867853269e-06,0.08
11.44,9.620482395713113e-06,0.08
11.46,1.0663696941220097e-05,0.08
11.48,1.2505763365062749e-05,0.08
11.5,1.4713637144671405e-05,0.08
11.52,1.5826103970970072e-05,0.08
11.540000000000001,1.6063398732162006e-05,0.08
11.56,1.7699644343832e-05,0.08
11.58,1.9007793020817033e-05,0.08
11.6,1.8987269079894278e-05,0.08
11.620000000000001,1.737202895564739e-05,0.08
11.64,1.6707904678289792e-05,0.08
11.66,1.6280190027282667e-05,0.08
11.68,1.5174004497144116e-05,0.08
11.700000000000001,1.4993257789317405e-05,0.08
11.72,1.5167197730927523e-05,0.08
11.74,1.3784928147188172e-05,0.08
11.76,1.3284561302393166e-05,0.08
11.78,1.4393001152414318e-05,0.08
11.8,1.8071198229572345e-05,0.08
11.82,2.1202868472828407e-05,0.08
11.84,2.3671408629525695e-05,0.08
11.86,2.6731260801795008e-05,0.08
11.88,2.8759410949707352e-05,0.08
11.9,2.9899502583641174e-05,0.08
11.92,2.940641084599312e-05,0.08
11.94,2.688552153967968e-05,0.08
11.96,2.5219544207588695e-05,0.08
11.98,2.2477915470016277e-05,0.08
12.0,2.1433550400684715e-05,0.08
12.02,2.0131655727998376e-05,0.08
12.040000000000001,1.9659817696692542e-05,0.08
12.06,1.9270484388911296e-05,0.08
12.08,2.0425484824343875e-05,0.08
12.1,2.1943705596506787e-05,0.08
12.120000000000001,2.521770530547319e-05,0.08
12.14,2.6736703407643465e-05,0.08
12.16,2.7960353777812357e-05,0.08
12.18,2.8531341773543072e-05,0.08
12.200000000000001,2.879082444538424e-05,0.08
12.22,3.0176466618773874e-05,0.08
12.24,3.157938703379045e-05,0.08
12.26,3.1200401410235244e-05,0.08
12.280000000000001,3.095968000047475e-05,0.08
12.3,3.0043022008872362e-05,0.08
12.32,2.8596920998669336e-05,0.08
12.34,2.8365595172908428e-05,0.08
12.36,2.7660950979313044e-05,0.08
12.38,2.676115684994216e-05,0.08
12.4,2.614646572752723e-05,0.08
12.42,2.6732064923320742e-05,0.08
12.44,2.7963289084372576e-05,0.08
12.46,2.8793577073726654e-05,0.08
12.48,2.9090887817832527e-05,0.08
12.5,2.7983861947106063e-05,0.08
12.52,2.610700818275323e-05,0.08
12.540000000000001,2.384637845207466e-05,0.08
12.56,2.1962438196434674e-05,0.08
12.58,2.2709167513487387e-05,0.08
12.6,2.3087288710593834e-05,0.08
12.620000000000001,2.33145583534243e-05,0.08
12.64,2.1542789060853974e-05,0.08
12.66,2.0681488474546125e-05,0.08
12.68,1.8575489235646926e-05,0.08
12.700000000000001,1.611814632831229e-05,0.08
12.72,1.5465310813486705e-05,0.08
12.74,1.3324256350023572e-05,0.08
12.76,1.2044787047914209e-05,0.08
12.780000000000001,1.2290700196697399e-05,0.08
12.8,1.4518322387427513e-05,0.08
12.82,1.5784044683698524e-05,0.08
12.84,1.6199661260970102e-05,0.08
12.86,1.8194613340837648e-05,0.08
12.88,1.9680392259021496e-05,0.08
12.9,1.9853818428814633e-05,0.08
12.92,1.8876122381670987e-05,0.08
12.94,1.676934145167288e-05,0.08
12.96,1.4436213305477677e-05,0.08
12.98,1.3695268925982476e-05,0.08
13.0,1.42939953350333e-05,0.08
13.02,1.3928258377363405e-05,0.08
13.040000000000001,1.3979994312585253e-05,0.08
13.06,1.3755038289917665e-05,0.08
13.08,1.4430711437707866e-05,0.08
13.1,1.4916669750272929e-05,0.08
13.120000000000001,1.5669880481818127e-05,0.08
13.14,1.606593216172782e-05,0.08
13.16,1.4068667520581141e-05,0.08
13.18,1.2289596125892627e-05,0.08
13.200000000000001,9.626806036423407e-06,0.08
13.22,8.396158336286211e-06,0.08
13.24,7.145305241902587e-06,0.08
13.26,5.944098403046383e-06,0.08
13.280000000000001,5.378220438911547e-06,0.08
13.3,5.926191811681829e-06,0.08
13.32,6.5896817764022625e-06,0.08
13.34,8.992481346466996e-06,0.08
13.36,1.2729547775110844e-05,0.08
13.38,1.7372487346707344e-05,0.08
13.4,2.0483432380416437e-05,0.08
13.42,2.0720636646326276e-05,0.08
13.44,2.117092616264396e-05,0.08
13.46,2.041574711224156e-05,0.08
13.48,1.9256965935223158e-05,0.08
13.5,1.858643076695811e-05,0.08
13.52,1.6302632546997716e-05,0.08
13.540000000000001,1.5994181225591425e-05,0.08
13.56,1.6830055423257038e-05,0.08
13.58,1.8061392868555042e-05,0.08
13.6,2.0010747271927246e-05,0.08
13.620000000000001,2.2078410498301784e-05,0.08
13.64,2.3621522380972554e-05,0.08
13.66,2.4156704236416158e-05,0.08
13.68,2.3369114774967944e-05,0.08
13.700000000000001,2.2573142625581178e-05,0.08
13.72,2.2038649596124414e-05,0.08
13.74,2.258328546225497e-05,0.08
13.76,2.321971687755152e-05,0.08
13.780000000000001,2.2811719079483165e-05,0.08
13.8,2.0746631836109614e-05,0.08
13.82,1.881134978047136e-05,0.08
13.84,1.7313981007774477e-05,0.08
13.86,1.626152901168334e-05,0.08
13.88,1.4208227581704584e-05,0.08
13.9,1.3914408335672407e-05,0.08
13.92,1.5199726839800791e-05,0.08
13.94,1.5799664171437983e-05,0.08
13.96,1.7203841350814153e-05,0.08
13.98,1.9327238826944088e-05,0.08
14.0,2.098073449438415e-05,0.08
14.02,2.1062894587154028e-05,0.08
14.040000000000001,2.2304057416702698e-05,0.08
14.06,2.3393716830667928e-05,0.08
14.08,2.3675258870482565e-05,0.08
14.1,2.4283430323838843e-05,0.08
14.120000000000001,2.6087532839914833e-05,0.08
14.14,2.6790898699162217e-05,0.08
14.16,2.7640476625972295e-05,0.08
14.18,2.9898114216896714e-05,0.08
14.200000000000001,3.028445854539419e-05,0.08
14.22,2.9520422094732727e-05,0.08
14.24,2.7838680812120357e-05,0.08
14.26,2.6017278345968384e-05,0.08
14.280000000000001,2.4260126723936647e-05,0.08
14.3,2.3247366385319144e-05,0.08
14.32,2.1858510725525232e-05,0.08
14.34,2.0357568489254747e-05,0.08
14.36,1.9731984519895365e-05,0.08
14.38,1.9739595615918117e-05,0.08
14.4,2.0936262718819922e-05,0.08
14.42,2.2555177382380387e-05,0.08
14.44,2.4685201284529736e-05,0.08
14.46,2.5138606289192434e-05,0.08
14.48,2.475473690613059e-05,0.08
14.5,2.5945699034674614e-05,0.08
14.52,2.7123239827586136e-05,0.08
14.540000000000001,2.8560537784788934e-05,0.08
14.56,2.9682358704712287e-05,0.08
14.58,3.062178743492909e-05,0.08
14.6,3.0735295375951355e-05,0.08
14.620000000000001,3.396519287174163e-05,0.08
14.64,3.5934855657940774e-05,0.08
14.66,3.693397798974891e-05,0.08
14.68,3.467523625790988e-05,0.08
14.700000000000001,3.32769189884918e-05,0.08
14.72,3.133589056329393e-05,0.08
14.74,2.9616038963691054e-05,0.08
14.76,2.7803762546724313e-05,0.08
14.780000000000001,2.641369084566316e-05,0.08
14.8,2.5321065970953246e-05,0.08
14.82,2.4737491005565407e-05,0.08
14.84,2.4553240299962627e-05,0.08
14.86,2.4536121080967667e-05,0.08
14.88,2.4555165875362445e-05,0.08
14.9,2.6001065601136435e-05,0.08
14.92,2.8157138011935235e-05,0.08
14.94,3.071932612140188e-05,0.08
14.96,3.178736795340875e-05,0.08
14.98,3.3394715332037175e-05,0.08
15.0,3.5350417049580456e-05,0.08
15.02,3.5868866034939945e-05,0.08
15.040000000000001,3.718842908940392e-05,0.08
15.06,3.7076794621946824e-05,0.08
15.08,3.4591275985908444e-05,0.08
15.1,3.320048705867073e-05,0.08
15.120000000000001,3.1862966146005356e-05,0.08
15.14,3.17999434609329e-05,0.08
15.16,3.11639480044429e-05,0.08
15.18,2.9465682221955086e-05,0.08
15.200000000000001,2.9379743029529578e-05,0.08
15.22,2.8129356771037122e-05,0.08
15.24,2.5661370294693238e-05,0.08
15.26,2.1871935530913325e-05,0.08
15.280000000000001,1.6282504922537698e-05,0.08
15.3,1.1207212686702896e-05,0.08
15.32,5.8187547458204816e-06,0.08
15.34,2.5212243640727393e-06,0.08
15.36,-1.0303968750492991e-06,0.08
15.38,-3.7386087088794115e-06,0.08
15.4,-2.3422568789605536e-06,0.08
15.42,4.0280129602600203e-07,0.08
15.44,3.4716950341258273e-06,0.08
15.46,4.631288211073949e-06,0.08
15.48,5.171421762065392e-06,0.08
15.5,5.4134809235027245e-06,0.08
15.52,3.7673749599230915e-06,0.08
15.540000000000001,2.3106936393513036e-06,0.08
15.56,2.31079002378079e-06,0.08
15.58,2.137730594754651e-06,0.08
15.6,1.9156637462939155e-06,0.08
15.620000000000001,-2.1205289863609726e-07,0.08
15.64,-3.304089167121155e-06,0.08
15.66,-4.5485391108682125e-06,0.08
15.68,-5.716365180526481e-06,0.08
15.700000000000001,-7.112217956708719e-06,0.08
15.72,-8.48623470795968e-06,0.08
15.74,-9.197906953529907e-06,0.08
15.76,-1.0449599004949655e-05,0.08
15.780000000000001,-1.0935838689346965e-05,0.08
15.8,-1.2253974386938849e-05,0.08
15.82,-1.2208656295926785e-05,0.08
15.84,-1.2811126562398679e-05,0.08
15.860000000000001,-1.169789380793946e-05,0.08
15.88,-1.0488367998276859e-05,0.08
15.9,-1.0226968557070686e-05,0.08
15.92,-9.150657291633169e-06,0.08
15.94,-9.678228587613625e-06,0.08
15.96,-1.0813217945005684e-05,0.08
15.98,-1.1801428793379348e-05,0.08
16.0,-1.2645011977788046e-05,0.08
16.02,-1.5169586579652784e-05,0.08
16.04,-1.7971644372533255e-05,0.08
16.06,-1.970419828928455e-05,0.08
16.080000000000002,-2.1845828427760925e-05,0.08
16.1,-2.1729699271350376e-05,0.08
16.12,-2.043451562310092e-05,0.08
16.14,-1.9361514979943248e-05,0.08
16.16,-1.8449482532554924e-05,0.08
16.18,-1.5755824794615616e-05,0.08
16.2,-1.2592189594326696e-05,0.08
16.22,-9.852279269336765e-06,0.08
16.240000000000002,-9.500349735850529e-06,0.08
16.26,-8.229826948008615e-06,0.08
16.28,-6.5971462117587416e-06,0.08
16.3,-5.8426501820952056e-06,0.08
16.32,-6.253314338880756e-06,0.08
16.34,-7.205596579610093e-06,0.08
16.36,-9.449555982256149e-06,0.08
16.38,-1.1863575163225806e-05,0.08
16.4,-1.2918459113656991e-05,0.08
16.42,-1.5195823252439754e-05,0.08
16.44,-1.700387142458573e-05,0.08
16.46,-1.7856558522501736e-05,0.08
16.48,-1.7872621925711893e-05,0.08
16.5,-1.8538774496801915e-05,0.08
16.52,-1.9891534233008126e-05,0.08
16.54,-1.957549944293509e-05,0.08
16.56,-2.0116882825465314e-05,0.08
16.580000000000002,-1.9283659817280584e-05,0.08
16.6,-1.8793437387008022e-05,0.08
16.62,-1.7180096292479705e-05,0.08
16.64,-1.619498516818418e-05,0.08
16.66,-1.6652556166228254e-05,0.08
16.68,-1.6350438780514284e-05,0.08
16.7,-1.6167351020363204e-05,0.08
16.72,-1.461727587933351e-05,0.08
16.740000000000002,-1.246346190239314e-05,0.08
16.76,-1.1062927674932211e-05,0.08
16.78,-1.067785951613023e-05,0.08
16.8,-1.0706813226998678e-05,0.08
16.82,-1.0832717731947782e-05,0.08
16.84,-1.2009138002202805e-05,0.08
16.86,-1.2260805355364557e-05,0.08
16.88,-1.2804833425319226e-05,0.08
16.9,-1.3598577778595595e-05,0.08
16.92,-1.4672852171380827e-05,0.08
16.94,-1.5150678528065608e-05,0.08
16.96,-1.597805915755432e-05,0.08
16.98,-1.6283749762535233e-05,0.08
17.0,-1.3490384688602089e-05,0.08
17.02,-1.0951695694366848e-05,0.08
17.04,-9.364912211828803e-06,0.08
17.06,-1.0036110032352175e-05,0.08
17.080000000000002,-1.0941595519946848e-05,0.08
17.1,-1.3001672498734109e-05,0.08
17.12,-1.5129876096835985e-05,0.08
17.14,-1.65459318740476e-05,0.08
17.16,-1.9068268175165743e-05,0.08
17.18,-2.0579843796728023e-05,0.08
17.2,-2.094039903100219e-05,0.08
17.22,-2.193418976752738e-05,0.08
17.240000000000002,-2.267516219738703e-05,0.08
17.26,-2.4658220196503328e-05,0.08
17.28,-2.4314564554087474e-05,0.08
17.3,-2.315524840356412e-05,0.08
17.32,-2.1994598497735814e-05,0.08
17.34,-2.1025832883794765e-05,0.08
17.36,-1.907076540903603e-05,0.08
17.38,-1.7597463987547698e-05,0.08
17.400000000000002,-1.6269096272805696e-05,0.08
17.42,-1.3940393966562405e-05,0.08
17.44,-1.2669042991405586e-05,0.08
17.46,-1.3162579873588065e-05,0.08
17.48,-1.4848860760646115e-05,0.08
17.5,-1.5079766750271703e-05,0.08
17.52,-1.5155757948251506e-05,0.08
17.54,-1.5660975947076693e-05,0.08
17.56,-1.5042586001672357e-05,0.08
17.580000000000002,-1.3405374490304848e-05,0.08
17.6,-1.2471276093142482e-05,0.08
17.62,-1.2792728361234085e-05,0.08
17.64,-1.4810470581435995e-05,0.08
17.66,-1.8371318185353026e-05,0.08
17.68,-2.1442389490390487e-05,0.08
17.7,-2.4383630144217978e-05,0.08
17.72,-2.4270657062362415e-05,0.08
17.740000000000002,-2.327062083390853e-05,0.08
17.76,-2.3766153245991403e-05,0.08
17.78,-2.2418621404026486e-05,0.08
17.8,-2.0805603177223495e-05,0.08
17.82,-1.8641334140957633e-05,0.08
17.84,-1.6217662925727168e-05,0.08
17.86,-1.4148809751163827e-05,0.08
17.88,-1.2311697963098936e-05,0.08
17.900000000000002,-1.1030193788108147e-05,0.08
17.92,-1.1590552730501921e-05,0.08
17.94,-1.2186347102093409e-05,0.08
17.96,-1.1931653163537874e-05,0.08
17.98,-1.2036846015484447e-05,0.08
18.0,-1.1661323311592151e-05,0.08
18.02,-1.0960704823744285e-05,0.08
18.04,-8.605496702451331e-06,0.08
18.06,-6.975798558781562e-06,0.08
18.080000000000002,-6.204715210733296e-06,0.08
18.1,-6.050419674318266e-06,0.08
18.12,-6.35810175664003e-06,0.08
18.14,-9.129179252919476e-06,0.08
18.16,-1.2221294151124359e-05,0.08
18.18,-1.4293471398373824e-05,0.08
18.2,-1.553806348361453e-05,0.08
18.22,-1.6790350088032023e-05,0.08
18.240000000000002,-1.7939390229605308e-05,0.08
18.26,-1.87079937514086e-05,0.08
18.28,-1.962401315570288e-05,0.08
18.3,-2.042950857879025e-05,0.08
18.32,-2.1189971458332875e-05,0.08
18.34,-2.050383366418837e-05,0.08
18.36,-1.850516667320175e-05,0.08
18.38,-1.5658736218428548e-05,0.08
18.400000000000002,-1.286939764388401e-05,0.08
18.42,-1.153921810373662e-05,0.08
18.44,-9.954986082191241e-06,0.08
18.46,-9.409944331799236e-06,0.08
18.48,-9.412870676492669e-06,0.08
18.5,-8.459231758225798e-06,0.08
18.52,-7.827895584633173e-06,0.08
18.54,-7.316181013598022e-06,0.08
18.56,-8.539788844957045e-06,0.08
18.580000000000002,-9.289664420206811e-06,0.08
18.6,-1.090163418418264e-05,0.08
18.62,-1.114960981920624e-05,0.08
18.64,-1.1289348050215849e-05,0.08
18.66,-1.3423012864079287e-05,0.08
18.68,-1.5386061606403306e-05,0.08
18.7,-1.6885179821949566e-05,0.08
18.72,-1.7164324331613687e-05,0.08
18.740000000000002,-1.6200908526288666e-05,0.08
18.76,-1.5299487446337885e-05,0.08
18.78,-1.3317400258447729e-05,0.08
18.8,-1.4748304433831787e-05,0.08
18.82,-1.6804750730252808e-05,0.08
18.84,-1.9569018451991435e-05,0.08
18.86,-2.2849400300334297e-05,0.08
18.88,-2.4116952007452194e-05,0.08
18.900000000000002,-2.3605609995320367e-05,0.08
18.92,-2.3265993186325545e-05,0.08
18.94,-2.134856085889666e-05,0.08
18.96,-1.9328190397153757e-05,0.08
18.98,-1.8015877303470406e-05,0.08
19.0,-1.777160357922491e-05,0.08
19.02,-1.8576240742770808e-05,0.08
19.04,-1.8943201298032938e-05,0.08
19.06,-1.8606049915187775e-05,0.08
19.080000000000002,-1.802448970122673e-05,0.08
19.1,-1.955634995164461e-05,0.08
19.12,-2.056224434384568e-05,0.08
19.14,-2.0663777170303422e-05,0.08
19.16,-2.1160502100714444e-05,0.08
19.18,-2.1316336341468945e-05,0.08
19.2,-2.3078556606646978e-05,0.08
19.22,-2.5580518841180488e-05,0.08
19.240000000000002,-2.7642208358242864e-05,0.08
19.26,-2.9129950196764656e-05,0.08
19.28,-2.9386677825781116e-05,0.08
19.3,-3.0167361595984618e-05,0.08
19.32,-3.066584619062482e-05,0.08
19.34,-3.110609708133806e-05,0.08
19.36,-3.0530262206943536e-05,0.08
19.38,-2.825000960943628e-05,0.08
19.400000000000002,-2.4377639716471223e-05,0.08
19.42,-2.2739409505719946e-05,0.08
19.44,-2.1825256155291536e-05,0.08
19.46,-2.26049949229176e-05,0.08
19.48,-2.369690381412923e-05,0.08
19.5,-2.4338469391693903e-05,0.08
19.52,-2.4751971833962734e-05,0.08
19.54,-2.5017909169241307e-05,0.08
19.56,-2.3591187442219974e-05,0.08
19.580000000000002,-2.149604985293729e-05,0.08
19.6,-2.0008614463005212e-05,0.08
19.62,-1.8929895767159908e-05,0.08
19.64,-1.7420842727184384e-05,0.08
19.66,-1.5820557261334223e-05,0.08
19.68,-1.5232034200249867e-05,0.08
19.7,-1.6891169910809138e-05,0.08
19.72,-1.9771991222033216e-05,0.08
19.740000000000002,-2.205401321706407e-05,0.08
19.76,-2.54276687239264e-05,0.08
19.78,-2.7907897348279822e-05,0.08
19.8,-2.969723399052416e-05,0.08
19.82,-2.9377374286282743e-05,0.08
19.84,-2.962351887323371e-05,0.08
19.86,-3.119662218268345e-05,0.08
19.88,-3.247699977242903e-05,0.08
19.900000000000002,-3.2388322640443634e-05,0.08
19.92,-3.069748366850148e-05,0.08
19.94,-2.9775048122950376e-05,0.08
19.96,-2.8383729352683245e-05,0.08
19.98,-2.828562900625845e-05,0.08
